date,hour,plot,crop,unit,quantity,time_to_harvest,harvest_duration,expected_yield
10/4/2019,,Inv 1 cantero 1,flores,planta,150,10/7/2019,7,300
10/4/2019,,Inv 1 cantero 2,flores,planta,150,10/7/2019,7,300
20/6/2017,,Inv 1 cantero 4,ciboullette,planta,350,20/9/2017,7,700
20/6/2017,,Inv 1 cantero 5,ciboullette,planta,350,20/9/2017,7,700
20/6/2017,,Inv 1 cantero 6,ciboullette,planta,350,20/9/2017,7,700
22/1/2020,,Inv 2  cantero 4,remolacha,planta,350,22/4/2020,7,700
22/1/2020,,Inv 2  cantero 5,remolacha,planta,350,22/4/2020,7,700
22/1/2020,,Inv 2  cantero 6,remolacha,planta,350,22/4/2020,7,700
18/11/2019,,Inv 2  cantero 13,kales,planta,350,18/14/2019,7,700
13/9/2019,,Inv 2  cantero 14,chauchas,planta,150,13/12/2019,7,300
17/11/2019,,Inv 2  cantero 15,acelga,planta,350,17/14/2019,7,700
17/11/2019,,Inv 2  cantero 16,acelga,planta,350,17/14/2019,7,700
27/9/2019,,Inv 2  cantero 17,chauchas,planta,100,27/12/2019,7,200
7/7/2019,,Inv 2  cantero 18,kale,planta,350,7/10/2019,7,700
17/1/2020,,Inv 2  cantero 22,tomate,planta,100,17/4/2020,7,200
17/1/2020,,Inv 2  cantero 23,tomate,planta,100,17/4/2020,7,200
25/1/2020,,Inv 3  cantero 1,morada,planta,350,25/4/2020,7,700
25/1/2020,,Inv 3  cantero 2,francesa,planta,350,25/4/2020,7,700
18/8/2019,,Inv 3  cantero 4,pimiento,planta,100,18/11/2019,7,200
18/8/2019,,Inv 3  cantero 5,pimiento,planta,100,18/11/2019,7,200
18/8/2019,,Inv 3  cantero 6,berenjena,planta,100,18/11/2019,7,200
18/8/2019,,Inv 3  cantero 7,berenjena,planta,100,18/11/2019,7,200
18/8/2019,,Inv 3  cantero 8,berenjena,planta,100,18/11/2019,7,200
18/8/2019,,Inv 3  cantero 9,berenjena,planta,100,18/11/2019,7,200
18/8/2019,,Inv 3  cantero 10,berenjena,planta,100,18/11/2019,7,200
9/9/2019,,Inv 3  cantero 11,pepino,planta,100,9/12/2019,7,200
9/9/2019,,Inv 3  cantero 11,pimiento,planta,100,9/12/2019,7,200
20/12/2020,,Inv 3  cantero 12,pepino,planta,100,20/15/2020,7,200
15/1/2020,,Inv 3  cantero 13,tomate,planta,350,15/4/2020,7,700
30/12/2020,,Inv 3  cantero 14,rúcula,planta,350,30/15/2020,7,700
30/12/2020,,Inv 3  cantero 15,rabanito,planta,350,30/15/2020,7,700
20/9/2019,,Inv 3  cantero 16,acelga,planta,350,20/12/2019,7,700
17/11/2019,,Inv 3  cantero 21,kale,planta,100,17/14/2019,7,200
24/11/2019,,Inv 4  cantero 1,tomate,planta,100,24/14/2019,7,200
24/11/2019,,Inv 4  cantero 2,tomate,planta,100,24/14/2019,7,200
24/11/2019,,Inv 4  cantero 3,tomate,planta,100,24/14/2019,7,200
24/11/2019,,Inv 4  cantero 4,tomate,planta,100,24/14/2019,7,200
24/11/2019,,Inv 4  cantero 5,tomate,planta,100,24/14/2019,7,200
24/11/2019,,Inv 4  cantero 6,tomate,planta,100,24/14/2019,7,200
24/11/2019,,Inv 4  cantero 7,tomate,planta,100,24/14/2019,7,200
20/8/2019,,Inv 4  cantero 8,tomate,planta,100,20/11/2019,7,200
20/8/2019,,Inv 4  cantero 9,tomate,planta,100,20/11/2019,7,200
20/8/2019,,Inv 4  cantero 10,tomate,planta,100,20/11/2019,7,200
20/8/2019,,Inv 4  cantero 11,tomate,planta,100,20/11/2019,7,200
20/8/2019,,Inv 4  cantero 12,tomate,planta,100,20/11/2019,7,200
20/8/2019,,Inv 4  cantero 13,tomate,planta,100,20/11/2019,7,200
24/11/2019,,Inv 4  cantero 14,tomate,planta,100,24/14/2019,7,200
24/11/2019,,Inv 4  cantero 15,tomate,planta,100,24/14/2019,7,200
20/8/2019,,Inv 4  cantero 16,tomate,planta,100,20/11/2019,7,200
20/8/2019,,Inv 4  cantero 17,tomate,planta,100,20/11/2019,7,200
24/11/2019,,Inv 4  cantero 18,tomate,planta,100,24/14/2019,7,200
20/8/2019,,Inv 4  cantero 19,tomate,planta,100,20/11/2019,7,200
20/8/2019,,Inv 4  cantero 20,tomate,planta,100,20/11/2019,7,200
20/10/2019,,Inv 5 cantero 1,okra,planta,350,20/13/2019,7,700
20/10/2019,,Inv 5 cantero 2,okra,planta,350,20/13/2019,7,700
20/11/2019,,Inv 5 cantero 3,chauchas,planta,350,20/14/2019,7,700
10/7/2019,,Inv 5 cantero 4,kale,planta,350,10/10/2019,7,700
10/7/2019,,Inv 5 cantero 5,kale,planta,350,10/10/2019,7,700
20/11/2019,,Inv 5 cantero 6,kale,planta,350,20/14/2019,7,700
20/11/2019,,Inv 5 cantero 7,kale,planta,350,20/14/2019,7,700
20/11/2019,,Inv 5 cantero 8,kale,planta,350,20/14/2019,7,700
20/12/2019,,Inv 5 cantero 9,rúcula,planta,350,20/15/2019,7,700
17/1/2020,,Inv 5 cantero 10,tomate,planta,100,17/4/2020,7,200
17/1/2020,,Inv 5 cantero 11,tomate,planta,100,17/4/2020,7,200
17/1/2020,,Inv 5 cantero 12,tomate,planta,100,17/4/2020,7,200
22/11/2019,,Inv 5 cantero 13,berenjena,planta,350,22/14/2019,7,700
22/11/2019,,Inv 5 cantero 14,berenjena,planta,350,22/14/2019,7,700
22/11/2019,,Inv 5 cantero 15,berenjena,planta,350,22/14/2019,7,700
22/11/2019,,Inv 5 cantero 16,berenjena,planta,350,22/14/2019,7,700
22/11/2019,,Inv 5 cantero 17,berenjena,planta,350,22/14/2019,7,700
22/11/2019,,Inv 5 cantero 18,berenjena,planta,350,22/14/2019,7,700
22/11/2019,,Inv 5 cantero 19,berenjena,planta,350,22/14/2019,7,700
27/9/2019,,Inv. 6 cantero 1,hojitas,planta,300,27/12/2019,7,600
30/8/2019,,Inv. 6 cantero 2,berenjenas,planta,100,30/11/2019,7,200
30/8/2019,,Inv. 6 cantero 3,ajíes,planta,100,30/11/2019,7,200
30/8/2019,,Inv. 6 cantero 4,ajíes,planta,100,30/11/2019,7,200
30/8/2019,,Inv. 6 cantero 5,ajíes,planta,100,30/11/2019,7,200
9/9/2019,,Inv. 6 cantero 6,tomates,planta,100,9/12/2019,7,200
13/11/2019,,Inv. 6 cantero 7,tomates,planta,100,13/14/2019,7,200
13/11/2019,,Inv. 6 cantero 8,tomates,planta,100,13/14/2019,7,200
13/11/2019,,Inv. 6 cantero 9,tomates,planta,100,13/14/2019,7,200
30/8/2019,,Inv. 6 cantero 10,ajíes,planta,100,30/11/2019,7,200
13/11/2019,,Inv. 6 cantero 11,tomates,planta,100,13/14/2019,7,200
13/11/2019,,Inv. 6 cantero 12,tomates,planta,100,13/14/2019,7,200
13/11/2019,,Inv. 6 cantero 13,tomates,planta,100,13/14/2019,7,200
13/11/2019,,Inv. 6 cantero 14,tomates,planta,100,13/14/2019,7,200
20/1/2020,,Inv. 6 cantero 15,tomate,planta,100,20/4/2020,7,200
20/10/2019,,Inv. 6 cantero 16,kales,planta,350,20/13/2019,7,700
16/8/2019,,Inv. 7 cantero 1,tomates,planta,100,16/11/2019,7,200
16/8/2019,,Inv. 7 cantero 2,tomates,planta,100,16/11/2019,7,200
16/8/2019,,Inv. 7 cantero 3,tomates,planta,100,16/11/2019,7,200
16/8/2019,,Inv. 7 cantero 4,tomates,planta,100,16/11/2019,7,200
16/8/2019,,Inv. 7 cantero 5,tomates,planta,100,16/11/2019,7,200
16/8/2019,,Inv. 7 cantero 6,tomates,planta,100,16/11/2019,7,200
16/8/2019,,Inv. 7 cantero 7,tomates,planta,100,16/11/2019,7,200
30/8/2019,,Inv. 7 cantero 8,tomates,planta,100,30/11/2019,7,200
30/8/2019,,Inv. 7 cantero 9,tomates,planta,100,30/11/2019,7,200
29/11/2019,,Inv. 7 cantero 10,tomates,planta,100,29/14/2019,7,200
13/11/2019,,Inv. 7 cantero 11,tomates,planta,100,13/14/2019,7,200
13/11/2019,,Inv. 7 cantero 12,tomates,planta,100,13/14/2019,7,200
29/11/2019,,Inv. 7 cantero 15,tomates,planta,100,29/14/2019,7,200
29/11/2019,,Inv. 7 cantero 15,tomates,planta,100,29/14/2019,7,200
29/11/2019,,Inv. 7 cantero 15,tomates,planta,100,29/14/2019,7,200
29/11/2019,,Inv. 7 cantero 16,pepino,planta,100,29/14/2019,7,200
25/11/2019,,Inv. 8  cantero 1,acelga,planta,350,25/14/2019,7,700
25/11/2019,,Inv. 8  cantero 2,acelga,planta,350,25/14/2019,7,700
17/1/2020,,Inv. 8  cantero 3,tomate,planta,350,17/4/2020,7,700
17/1/2020,,Inv. 8  cantero 4,tomate,planta,350,17/4/2020,7,700
17/1/2020,,Inv. 8  cantero 5,tomate,planta,350,17/4/2020,7,700
17/1/2020,,Inv. 8  cantero 6,tomate,planta,350,17/4/2020,7,700
17/1/2020,,Inv. 8  cantero 7,tomate,planta,350,17/4/2020,7,700
17/1/2020,,Inv. 8  cantero 8,tomate,planta,350,17/4/2020,7,700
17/1/2020,,Inv. 8  cantero 9,tomate,planta,350,17/4/2020,7,700
18/11/2019,,Inv. 8  cantero 10,tomate,planta,100,18/14/2019,7,200
18/11/2019,,Inv. 8  cantero 11,tomate,planta,100,18/14/2019,7,200
18/11/2019,,Inv. 8  cantero 12,tomate,planta,100,18/14/2019,7,200
18/11/2019,,Inv. 8  cantero 13,tomate,planta,100,18/14/2019,7,200
18/11/2019,,Inv. 8  cantero 14,tomate,planta,100,18/14/2019,7,200
18/11/2019,,Inv. 8  cantero 15,tomate,planta,100,18/14/2019,7,200
18/11/2019,,Inv. 8  cantero 16,tomate,planta,100,18/14/2019,7,200
18/11/2019,,Inv. 8  cantero 17,tomate,planta,100,18/14/2019,7,200
29/3/2017,,Inv. 9  cantero 1,mentas,planta,150,29/6/2017,7,300
10/11/2014,,Inv. 9  cantero 2,mentas,planta,150,10/14/2014,7,300
10/4/2018,,Inv. 9  cantero 3,mentas,planta,150,10/7/2018,7,300
17/1/2020,,Inv. 9  cantero 4,tomate,planta,100,17/4/2020,7,200
17/1/2020,,Inv. 9  cantero 5,tomate,planta,100,17/4/2020,7,200
10/10/2019,,Inv. 9  cantero 6,radiccio,planta,350,10/13/2019,7,700
17/1/2020,,Inv. 9  cantero 7,tomate,planta,100,17/4/2020,7,200
17/1/2020,,Inv. 9  cantero 8,tomate,planta,100,17/4/2020,7,200
17/1/2020,,Inv. 9  cantero 9,tomate,planta,100,17/4/2020,7,200
17/1/2020,,Inv. 9  cantero 10,tomate,planta,100,17/4/2020,7,200
10/5/2015,,Inv. 10 cantero 4,aromáticas,planta,150,10/8/2015,7,300
24/3/2015,,Inv. 10 cantero 5,"tomillo,",planta,100,24/6/2015,7,200
20/1/2020,,Inv. 10 cantero 6,tomate,planta,100,20/4/2020,7,200
20/1/2020,,Inv. 10 cantero 7,tomate,planta,100,20/4/2020,7,200
10/11/2019,,Inv. 10 cantero 12,albahacas,planta,200,10/14/2019,7,400
10/11/2019,,Inv. 10 cantero 13,albahacas,planta,200,10/14/2019,7,400
24/2/2015,,Inv. 10 cantero 14 y 15,aromáticas,planta,150,24/5/2015,7,300
1/5/2017,,Inv. 10 cantero 16,borraja,planta,150,1/8/2017,7,300
10/11/2019,,Inv. 11  cantero 1,kale,planta,350,10/14/2019,7,700
18/8/2019,,Inv. 11  cantero 4,berenjena,planta,350,18/11/2019,7,700
20/1/2020,,Inv. 11  cantero 5,puerro,planta,350,20/4/2020,7,700
10/9/2019,,Inv. 11  cantero 6,pepino,planta,100,10/12/2019,7,200
20/12/2019,,Inv. 11  cantero 7,espinaca,planta,350,20/15/2019,7,700
10/9/2019,,Inv. 11  cantero 8,perejil,planta,350,10/12/2019,7,700
17/1/2020,,Inv. 11  cantero 9,pepino,planta,100,17/4/2020,7,200
20/10/2019,,Inv. 11  cantero 10,berenjena,planta,100,20/13/2019,7,200
20/10/2019,,Inv. 11  cantero 11,berenjena,planta,100,20/13/2019,7,200
10/9/2019,,Inv. 11  cantero 12,pepino,planta,100,10/12/2019,7,200
18/8/2019,,Inv. 11  cantero 14,berenjena,planta,100,18/11/2019,7,200
20/12/2019,,Inv. 11  cantero 15,espinaca,planta,350,20/15/2019,7,700
20/12/2019,,Inv. 11  cantero 17,apio,planta,350,20/15/2019,7,700
10/12/2019,,Inv. 12 cantero 1,sandía,planta,100,10/15/2019,7,200
22/12/2019,,Inv. 12 cantero 2,francesa,planta,350,22/15/2019,7,700
22/12/2019,,Inv. 12 cantero 3,espinaca,planta,350,22/15/2019,7,700
27/1/2020,,Inv. 12 cantero 4,verdeo,planta,350,27/4/2020,7,700
24/1/2020,,Inv. 12 cantero 5,espinaca,planta,350,24/4/2020,7,700
20/9/2019,,Inv. 12 cantero 7,pepino,planta,350,20/12/2019,7,700
10/7/2019,,Inv. 12 cantero 8,remolacha,planta,350,10/10/2019,7,700
15/12/2019,,Inv. 12 cantero 9,remolacha,planta,350,15/15/2019,7,700
10/7/2019,,Inv. 12 cantero 10,kale,planta,350,10/10/2019,7,700
20/10/2019,,Inv. 12 cantero 11,remolacha,planta,350,20/13/2019,7,700
15/1/2020,,Inv. 12 cantero 12,espinaca,planta,350,15/4/2020,7,700
10/12/2019,,Inv. 12 cantero 13,espinaca,planta,350,10/15/2019,7,700
15/1/2020,,Inv. 12 cantero 15,espinaca,planta,350,15/4/2020,7,700
22/12/2019,,Inv. 12 cantero 16,espinaca,planta,350,22/15/2019,7,700
26/12/2019,,Inv. 13 cantero 3,rúcula,planta,350,26/15/2019,7,700
26/1/2020,,Inv. 13 cantero 4,rúcula,planta,350,26/4/2020,7,700
27/1/2020,,Inv. 13 cantero 6,remolacha,planta,350,27/4/2020,7,700
20/12/2019,,Inv. 13 cantero 9,francesa,planta,350,20/15/2019,7,700
20/1/2020,,Inv. 13 cantero 10,rabanito,planta,350,20/4/2020,7,700
10/1/2020,,Inv. 13 cantero 11,rabanito,planta,350,10/4/2020,7,700
20/1/2020,,Inv. 13 cantero 12,rúcula,planta,350,20/4/2020,7,700
24/1/2020,,Inv. 13 cantero 13,francesa,planta,350,24/4/2020,7,700
1/7/2019,,Inv. 13 cantero 14,kale,planta,350,1/10/2019,7,700
10/10/2019,,Inv. 13 cantero 17,pimiento,planta,350,10/13/2019,7,700
10/10/2019,,Inv. 13 cantero 18,pimiento,planta,350,10/13/2019,7,700
15/10/2019,,Inv. 14 cantero 1,acelga,planta,350,15/13/2019,7,700
16/8/2019,,Inv. 14 cantero 2,pimiento,planta,100,16/11/2019,7,200
16/8/2019,,Inv. 14 cantero 3,pimiento,planta,100,16/11/2019,7,200
16/8/2019,,Inv. 14 cantero 4,pimiento,planta,100,16/11/2019,7,200
16/8/2019,,Inv. 14 cantero 5,pimiento,planta,50,16/11/2019,7,100
16/8/2019,,Inv. 14 cantero 5,tomate,planta,50,16/11/2019,7,100
16/8/2019,,Inv. 14 cantero 6,tomate,planta,100,16/11/2019,7,200
16/8/2019,,Inv. 14 cantero 7,tomate,planta,100,16/11/2019,7,200
16/8/2019,,Inv. 14 cantero 8,tomate,planta,100,16/11/2019,7,200
16/8/2019,,Inv. 14 cantero 9,tomate,planta,100,16/11/2019,7,200
16/8/2019,,Inv. 14 cantero 10,tomate,planta,100,16/11/2019,7,200
16/8/2019,,Inv. 14 cantero 11,tomate,planta,100,16/11/2019,7,200
16/8/2019,,Inv. 14 cantero 12,tomate,planta,100,16/11/2019,7,200
16/8/2019,,Inv. 14 cantero 13,pimiento,planta,100,16/11/2019,7,200
20/10/2019,,Inv. 14 cantero 15,pimiento,planta,350,20/13/2019,7,700
20/10/2019,,Inv. 14 cantero 16,pimiento,planta,350,20/13/2019,7,700
10/7/2019,,Inv. 14 cantero 17,kale,planta,350,10/10/2019,7,700
10/7/2019,,Inv. 14 cantero 18,kale,planta,350,10/10/2019,7,700
20/12/2020,,Inv 15 cantero 1,tomate,planta,100,20/15/2020,7,200
20/12/2020,,Inv 15 cantero 2,tomate,planta,100,20/15/2020,7,200
20/12/2020,,Inv 15 cantero 3,tomate,planta,100,20/15/2020,7,200
20/12/2020,,Inv 15 cantero 4,tomate,planta,100,20/15/2020,7,200
20/12/2020,,Inv 15 cantero 5,tomate,planta,100,20/15/2020,7,200
20/12/2020,,Inv 15 cantero 6,tomate,planta,100,20/15/2020,7,200
20/12/2020,,Inv 15 cantero 7,tomate,planta,100,20/15/2020,7,200
20/12/2020,,Inv 15 cantero 8,tomate,planta,100,20/15/2020,7,200
20/12/2020,,Inv 15 cantero 9,tomate,planta,100,20/15/2020,7,200
20/12/2020,,Inv 15 cantero 10,tomate,planta,100,20/15/2020,7,200
20/12/2020,,Inv 15 cantero 11,tomate,planta,100,20/15/2020,7,200
4/12/2020,,Inv 15 cantero 12,tomate,planta,100,4/15/2020,7,200
4/12/2020,,Inv 15 cantero 13,tomate,planta,100,4/15/2020,7,200
4/12/2020,,Inv 15 cantero 14,tomate,planta,100,4/15/2020,7,200
4/12/2020,,Inv 15 cantero 15,tomate,planta,100,4/15/2020,7,200
25/12/2020,,Inv 15 cantero 16,tomate,planta,100,25/15/2020,7,200
5/4/2017,,LOTE 4 cantero ,alcaucil,planta,400,5/7/2017,7,800
5/4/2017,,LOTE 4 cantero ,alcaucil,planta,400,5/7/2017,7,800
22/12/2019,,LOTE 6  cantero ,brócoli,planta,900,22/15/2019,7,1800
22/11/2019,,LOTE 7 cantero ,repollo,planta,1200,22/14/2019,7,2400
8/4/2019,,LOTE 7 cantero ,pastinaca,planta,150,8/7/2019,7,300
22/11/2019,,LOTE 7 cantero ,repollo,planta,800,22/14/2019,7,1600
22/11/2019,,LOTE 7 cantero ,repollo,planta,800,22/14/2019,7,1600
5/5/2017,,LOTE 7 cantero ,alcaucil,planta,100,5/8/2017,7,200
10/4/2019,,Inv 1 cantero 1,flores,planta,150,10/7/2019,7,300
10/4/2019,,Inv 1 cantero 2,flores,planta,150,10/7/2019,7,300
20/2/2020,,Inv 1 cantero 3,flores,planta,150,20/5/2020,7,300
20/6/2017,,Inv 1 cantero 4,ciboullette,planta,350,20/9/2017,7,700
20/6/2017,,Inv 1 cantero 5,ciboullette,planta,350,20/9/2017,7,700
20/6/2017,,Inv 1 cantero 6,ciboullette,planta,350,20/9/2017,7,700
20/6/2017,,Inv 1 cantero 7,ciboullette,planta,350,20/9/2017,7,700
30/3/2020,,Inv 1 cantero 7,brócoli,planta,350,30/6/2020,7,700
30/3/2020,,Inv 1 cantero 8,brócoli,planta,350,30/6/2020,7,700
9/3/2020,,Inv 2  cantero 1,rúcula,planta,350,9/6/2020,7,700
30/1/2020,,Inv 2  cantero 2,remolacha,planta,350,30/4/2020,7,700
30/1/2020,,Inv 2  cantero 3,remolacha,planta,350,30/4/2020,7,700
20/3/2020,,Inv 2  cantero 4,francesa,planta,350,20/6/2020,7,700
20/3/2020,,Inv 2  cantero 5,morada,planta,350,20/6/2020,7,700
6/3/2020,,Inv 2  cantero 6,apio,planta,350,6/6/2020,7,700
20/3/2020,,Inv 2  cantero 7,hoja,planta,350,20/6/2020,7,700
7/3/2020,,Inv 2  cantero 8,apio,planta,350,7/6/2020,7,700
6/3/2020,,Inv 2  cantero 9,zanahoria,planta,350,6/6/2020,7,700
2/3/2020,,Inv 2  cantero 10,apio,planta,350,2/6/2020,7,700
4/3/2020,,Inv 2  cantero 11,radicheta,planta,350,4/6/2020,7,700
20/3/2020,,Inv 2  cantero 12,cilantro,planta,350,20/6/2020,7,700
28/3/2020,,Inv 2  cantero 13,acelga,planta,350,28/6/2020,7,700
13/9/2019,,Inv 2  cantero 14,chauchas,planta,150,13/12/2019,7,300
18/2/2020,,Inv 2  cantero 15,kales,planta,350,18/5/2020,7,700
6/3/2020,,Inv 2  cantero 16,radicheta,planta,350,6/6/2020,7,700
27/9/2019,,Inv 2  cantero 17,chauchas,planta,100,27/12/2019,7,200
30/3/2020,,Inv 2  cantero 18,bimi,planta,350,30/6/2020,7,700
30/3/2020,,Inv 2  cantero 19,bimi,planta,350,30/6/2020,7,700
30/3/2020,,Inv 2  cantero 21,pack,planta,350,30/6/2020,7,700
17/1/2020,,Inv 2  cantero 22,tomate,planta,100,17/4/2020,7,200
17/1/2020,,Inv 2  cantero 23,tomate,planta,100,17/4/2020,7,200
20/3/2020,,Inv 3  cantero 1,acelga,planta,350,20/6/2020,7,700
30/3/2020,,Inv 3  cantero 3,rúcula,planta,50,30/6/2020,7,100
18/8/2019,,Inv 3  cantero 4,pimiento,planta,100,18/11/2019,7,200
9/9/2019,,Inv 3  cantero 11,pimiento,planta,100,9/12/2019,7,200
15/1/2020,,Inv 3  cantero 13,tomate,planta,100,15/4/2020,7,200
1/3/2020,,Inv 3  cantero 17,morada,planta,350,1/6/2020,7,700
18/3/2020,,Inv 3  cantero 18,coliflor,planta,350,18/6/2020,7,700
30/1/2020,,Inv 3  cantero 19,acelga,planta,350,30/4/2020,7,700
30/1/2020,,Inv 3  cantero 20,acelga,planta,350,30/4/2020,7,700
17/11/2019,,Inv 3  cantero 21,kale,planta,350,17/14/2019,7,700
26/3/2020,,Inv 4  cantero 1,coliflor,planta,350,26/6/2020,7,700
26/3/2020,,Inv 4  cantero 2,coliflor,planta,350,26/6/2020,7,700
24/11/2019,,Inv 4  cantero 3,tomate,planta,100,24/14/2019,7,200
24/11/2019,,Inv 4  cantero 4,tomate,planta,100,24/14/2019,7,200
24/11/2019,,Inv 4  cantero 5,tomate,planta,100,24/14/2019,7,200
20/2/2020,,Inv 4  cantero 8,coliflor,planta,350,20/5/2020,7,700
20/2/2020,,Inv 4  cantero 11,coliflor,planta,350,20/5/2020,7,700
20/2/2020,,Inv 4  cantero 12,coliflor,planta,350,20/5/2020,7,700
20/2/2020,,Inv 4  cantero 13,coliflor,planta,350,20/5/2020,7,700
20/2/2020,,Inv 4  cantero 14,colinabo,planta,350,20/5/2020,7,700
20/2/2020,,Inv 4  cantero 15,coliflor,planta,350,20/5/2020,7,700
20/2/2020,,Inv 4  cantero 16,coliflor,planta,350,20/5/2020,7,700
20/2/2020,,Inv 4  cantero 17,coliflor,planta,350,20/5/2020,7,700
20/2/2020,,Inv 4  cantero 18,coliflor,planta,350,20/5/2020,7,700
20/2/2020,,Inv 4  cantero 19,coliflor,planta,350,20/5/2020,7,700
20/2/2020,,Inv 4  cantero 20,brócoli,planta,350,20/5/2020,7,700
20/10/2019,,Inv 5 cantero 1,okra,planta,100,20/13/2019,7,200
20/10/2019,,Inv 5 cantero 2,okra,planta,100,20/13/2019,7,200
20/11/2019,,Inv 5 cantero 3,chauchas,planta,350,20/14/2019,7,700
20/11/2019,,Inv 5 cantero 6,kale,planta,350,20/14/2019,7,700
20/11/2019,,Inv 5 cantero 7,kale,planta,350,20/14/2019,7,700
20/11/2019,,Inv 5 cantero 8,kale,planta,350,20/14/2019,7,700
17/1/2020,,Inv 5 cantero 10,tomate,planta,100,17/4/2020,7,200
17/1/2020,,Inv 5 cantero 11,tomate,planta,100,17/4/2020,7,200
17/1/2020,,Inv 5 cantero 12,tomate,planta,100,17/4/2020,7,200
22/11/2019,,Inv 5 cantero 13,berenjena,planta,100,22/14/2019,7,200
22/11/2019,,Inv 5 cantero 14,berenjena,planta,100,22/14/2019,7,200
22/11/2019,,Inv 5 cantero 15,berenjena,planta,100,22/14/2019,7,200
22/11/2019,,Inv 5 cantero 16,berenjena,planta,100,22/14/2019,7,200
22/11/2019,,Inv 5 cantero 17,berenjena,planta,100,22/14/2019,7,200
22/11/2019,,Inv 5 cantero 18,berenjena,planta,100,22/14/2019,7,200
22/11/2019,,Inv 5 cantero 19,berenjena,planta,100,22/14/2019,7,200
27/9/2019,,Inv. 6 cantero 1,hojitas,planta,300,27/12/2019,7,600
30/8/2019,,Inv. 6 cantero 2,berenjenas,planta,100,30/11/2019,7,200
30/8/2019,,Inv. 6 cantero 3,ajíes,planta,100,30/11/2019,7,200
30/8/2019,,Inv. 6 cantero 4,ajíes,planta,100,30/11/2019,7,200
30/8/2019,,Inv. 6 cantero 5,ajíes,planta,100,30/11/2019,7,200
9/9/2019,,Inv. 6 cantero 6,tomates,planta,100,9/12/2019,7,200
13/11/2019,,Inv. 6 cantero 7,tomates,planta,100,13/14/2019,7,200
13/11/2019,,Inv. 6 cantero 8,tomates,planta,100,13/14/2019,7,200
13/11/2019,,Inv. 6 cantero 9,tomates,planta,100,13/14/2019,7,200
30/8/2019,,Inv. 6 cantero 10,ajíes,planta,100,30/11/2019,7,200
13/11/2019,,Inv. 6 cantero 11,tomates,planta,100,13/14/2019,7,200
13/11/2019,,Inv. 6 cantero 12,tomates,planta,100,13/14/2019,7,200
13/11/2019,,Inv. 6 cantero 13,tomates,planta,100,13/14/2019,7,200
13/11/2019,,Inv. 6 cantero 14,tomates,planta,100,13/14/2019,7,200
20/1/2020,,Inv. 6 cantero 15,tomate,planta,100,20/4/2020,7,200
26/3/2020,,Inv. 6 cantero 16,arveja,planta,150,26/6/2020,7,300
30/3/2020,,Inv. 7 cantero 1,colinabo,planta,350,30/6/2020,7,700
30/3/2020,,Inv. 7 cantero 2,colinabo,planta,350,30/6/2020,7,700
9/3/2020,,Inv. 7 cantero 3,brócoli,planta,350,9/6/2020,7,700
9/3/2020,,Inv. 7 cantero 4,brócoli,planta,350,9/6/2020,7,700
13/3/2020,,Inv. 7 cantero 5,nabos,planta,300,13/6/2020,7,600
9/3/2020,,Inv. 7 cantero 6,lechugas,planta,350,9/6/2020,7,700
9/3/2020,,Inv. 7 cantero 7,lechugas,planta,350,9/6/2020,7,700
9/3/2020,,Inv. 7 cantero 8,espinaca,planta,350,9/6/2020,7,700
9/3/2020,,Inv. 7 cantero 9,espinaca,planta,350,9/6/2020,7,700
29/11/2019,,Inv. 7 cantero 10,tomates,planta,100,29/14/2019,7,200
13/11/2019,,Inv. 7 cantero 11,tomates,planta,100,13/14/2019,7,200
13/11/2019,,Inv. 7 cantero 12,tomates,planta,100,13/14/2019,7,200
29/11/2019,,Inv. 7 cantero 13,tomates,planta,100,29/14/2019,7,200
29/11/2019,,Inv. 7 cantero 14,tomates,planta,100,29/14/2019,7,200
29/11/2019,,Inv. 7 cantero 15,tomates,planta,100,29/14/2019,7,200
29/11/2019,,Inv. 7 cantero 16,pepino,planta,100,29/14/2019,7,200
17/1/2020,,Inv. 8  cantero 3,tomate,planta,100,17/4/2020,7,200
17/1/2020,,Inv. 8  cantero 4,tomate,planta,100,17/4/2020,7,200
17/1/2020,,Inv. 8  cantero 5,tomate,planta,100,17/4/2020,7,200
17/1/2020,,Inv. 8  cantero 6,tomate,planta,100,17/4/2020,7,200
17/1/2020,,Inv. 8  cantero 7,tomate,planta,100,17/4/2020,7,200
17/1/2020,,Inv. 8  cantero 8,tomate,planta,100,17/4/2020,7,200
17/1/2020,,Inv. 8  cantero 9,tomate,planta,100,17/4/2020,7,200
26/3/2020,,Inv. 8  cantero 10,brócoli,planta,350,26/6/2020,7,700
26/3/2020,,Inv. 8  cantero 11,acelga,planta,350,26/6/2020,7,700
26/3/2020,,Inv. 8  cantero 12,acelga,planta,350,26/6/2020,7,700
26/3/2020,,Inv. 8  cantero 13,perejil,planta,350,26/6/2020,7,700
20/3/2020,,Inv. 8  cantero 14,rúcula,planta,350,20/6/2020,7,700
20/3/2020,,Inv. 8  cantero 15,rabanito,planta,350,20/6/2020,7,700
15/3/2020,,Inv. 8  cantero 16,rabanito,planta,350,15/6/2020,7,700
6/3/2020,,Inv. 8  cantero 17,rúcula,planta,350,6/6/2020,7,700
10/11/2014,,Inv. 9  cantero 2,mentas,planta,150,10/14/2014,7,300
10/4/2018,,Inv. 9  cantero 3,mentas,planta,150,10/7/2018,7,300
17/1/2020,,Inv. 9  cantero 4,tomate,planta,100,17/4/2020,7,200
17/1/2020,,Inv. 9  cantero 5,tomate,planta,100,17/4/2020,7,200
17/1/2020,,Inv. 9  cantero 7,tomate,planta,100,17/4/2020,7,200
17/1/2020,,Inv. 9  cantero 8,tomate,planta,100,17/4/2020,7,200
17/1/2020,,Inv. 9  cantero 9,tomate,planta,100,17/4/2020,7,200
17/1/2020,,Inv. 9  cantero 10,tomate,planta,100,17/4/2020,7,200
20/2/2020,,Inv. 10 cantero 1,berenjenas,planta,100,20/5/2020,7,200
13/2/2020,,Inv. 10 cantero 2,mizunas,planta,300,13/5/2020,7,600
10/5/2015,,Inv. 10 cantero 4,aromáticas,planta,150,10/8/2015,7,300
24/3/2015,,Inv. 10 cantero 5,"tomillo,",planta,100,24/6/2015,7,200
12/2/2020,,Inv. 10 cantero 6,nabos,planta,300,12/5/2020,7,600
20/1/2020,,Inv. 10 cantero 7,tomate,planta,100,20/4/2020,7,200
20/1/2020,,Inv. 10 cantero 8,tomate,planta,100,20/4/2020,7,200
24/3/2020,,Inv. 10 cantero 9,arveja,planta,100,24/6/2020,7,200
31/1/2020,,Inv. 10 cantero 11,albahacas,planta,250,31/4/2020,7,500
10/11/2019,,Inv. 10 cantero 12,albahacas,planta,200,10/14/2019,7,400
10/11/2019,,Inv. 10 cantero 13,albahacas,planta,200,10/14/2019,7,400
24/2/2015,,Inv. 10 cantero 14 y 15,aromáticas,planta,150,24/5/2015,7,300
1/5/2017,,Inv. 10 cantero 16,borraja,planta,150,1/8/2017,7,300
10/11/2019,,Inv. 11  cantero 1,kale,planta,350,10/14/2019,7,700
31/3/2020,,Inv. 11  cantero 2,apio,planta,350,31/6/2020,7,700
30/1/2020,,Inv. 11  cantero 3,remolachas,planta,350,30/4/2020,7,700
18/8/2019,,Inv. 11  cantero 4,berenjena,planta,100,18/11/2019,7,200
8/4/2020,,Inv. 11  cantero 5,mantecosa,planta,350,8/7/2020,7,700
30/3/2020,,Inv. 11  cantero 6,espinaca,planta,350,30/6/2020,7,700
30/3/2020,,Inv. 11  cantero 7,espinaca,planta,350,30/6/2020,7,700
30/3/2020,,Inv. 11  cantero 8,francesa,planta,350,30/6/2020,7,700
17/1/2020,,Inv. 11  cantero 9,pepino,planta,100,17/4/2020,7,200
20/10/2019,,Inv. 11  cantero 10,berenjena,planta,100,20/13/2019,7,200
20/10/2019,,Inv. 11  cantero 11,berenjena,planta,100,20/13/2019,7,200
17/1/2020,,Inv. 11  cantero 12,pepino,planta,100,17/4/2020,7,200
30/3/2020,,Inv. 11  cantero 13,kale,planta,350,30/6/2020,7,700
18/8/2019,,Inv. 11  cantero 14,berenjena,planta,100,18/11/2019,7,200
8/4/2020,,Inv. 11  cantero 15,acelga,planta,350,8/7/2020,7,700
1/4/2020,,Inv. 11  cantero 16,apio,planta,350,1/7/2020,7,700
8/4/2020,,Inv. 11  cantero 17,remolacha,planta,350,8/7/2020,7,700
27/1/2020,,Inv. 11  cantero 18,pack,planta,350,27/4/2020,7,700
8/4/2020,,Inv. 12 cantero 1,mantecosa,planta,350,8/7/2020,7,700
28/3/2020,,Inv. 12 cantero 2,espinaca,planta,350,28/6/2020,7,700
8/4/2020,,Inv. 12 cantero 3,espinaca,planta,350,8/7/2020,7,700
30/2/2020,,Inv. 12 cantero 4,akusay,planta,350,30/5/2020,7,700
28/3/2020,,Inv. 12 cantero 5,apio,planta,350,28/6/2020,7,700
3/2/2020,,Inv. 12 cantero 6,pepino,planta,100,3/5/2020,7,200
1/3/2020,,Inv. 12 cantero 7,apio,planta,350,1/6/2020,7,700
28/3/2020,,Inv. 12 cantero 8,espinaca,planta,350,28/6/2020,7,700
28/2/2020,,Inv. 12 cantero 9,verdeo,planta,350,28/5/2020,7,700
10/7/2019,,Inv. 12 cantero 10,kale,planta,350,10/10/2019,7,700
3/2/2020,,Inv. 12 cantero 11,pepino,planta,100,3/5/2020,7,200
8/3/2020,,Inv. 12 cantero 12,espinaca,planta,350,8/6/2020,7,700
20/2/2020,,Inv. 12 cantero 13,akusay,planta,350,20/5/2020,7,700
8/4/2020,,Inv. 12 cantero 14,verdeo,planta,350,8/7/2020,7,700
8/3/2020,,Inv. 12 cantero 15,espinaca,planta,350,8/6/2020,7,700
25/3/2020,,Inv. 12 cantero 16,perejil,planta,350,25/6/2020,7,700
30/3/2020,,Inv. 12 cantero 17,rabanito,planta,350,30/6/2020,7,700
20/1/2020,,Inv. 13 cantero 1,pepino,planta,100,20/4/2020,7,200
20/1/2020,,Inv. 13 cantero 2,pepino,planta,100,20/4/2020,7,200
20/3/2020,,Inv. 13 cantero 3,rúcula,planta,350,20/6/2020,7,700
10/3/2020,,Inv. 13 cantero 4,perejil,planta,350,10/6/2020,7,700
20/3/2020,,Inv. 13 cantero 5,verdeo,planta,350,20/6/2020,7,700
30/3/2020,,Inv. 13 cantero 6,rabanito,planta,350,30/6/2020,7,700
1/3/2020,,Inv. 13 cantero 7,acelga,planta,350,1/6/2020,7,700
1/3/2020,,Inv. 13 cantero 8,acelga,planta,350,1/6/2020,7,700
1/4/2020,,Inv. 13 cantero 9,verdeo,planta,350,1/7/2020,7,700
20/3/2020,,Inv. 13 cantero 10,espinaca,planta,350,20/6/2020,7,700
20/3/2020,,Inv. 13 cantero 11,cilantro,planta,350,20/6/2020,7,700
8/3/2020,,Inv. 13 cantero 12,rabanito,planta,350,8/6/2020,7,700
8/3/2020,,Inv. 13 cantero 13,rabanito,planta,350,8/6/2020,7,700
1/7/2019,,Inv. 13 cantero 14,kale,planta,350,1/10/2019,7,700
15/3/2020,,Inv. 13 cantero 15,rabanito,planta,350,15/6/2020,7,700
1/4/2020,,Inv. 13 cantero 16,verdeo,planta,350,1/7/2020,7,700
10/10/2019,,Inv. 13 cantero 17,pimiento,planta,100,10/13/2019,7,200
10/10/2019,,Inv. 13 cantero 18,pimiento,planta,100,10/13/2019,7,200
3/4/2020,,Inv. 14 cantero 1,verdeo,planta,350,3/7/2020,7,700
16/8/2019,,Inv. 14 cantero 2,pimiento,planta,100,16/11/2019,7,200
16/8/2019,,Inv. 14 cantero 3,pimiento,planta,100,16/11/2019,7,200
16/8/2019,,Inv. 14 cantero 4,pimiento,planta,100,16/11/2019,7,200
16/8/2019,,Inv. 14 cantero 5,pimiento,planta,50,16/11/2019,7,100
28/2/2020,,Inv. 14 cantero 6,acelga,planta,350,28/5/2020,7,700
28/2/2020,,Inv. 14 cantero 7,acelga,planta,350,28/5/2020,7,700
2/3/2020,,Inv. 14 cantero 8,espinaca,planta,350,2/6/2020,7,700
15/3/2020,,Inv. 14 cantero 9,brócoli,planta,350,15/6/2020,7,700
15/3/2020,,Inv. 14 cantero 10,brócoli,planta,350,15/6/2020,7,700
15/3/2020,,Inv. 14 cantero 11,brócoli,planta,350,15/6/2020,7,700
15/3/2020,,Inv. 14 cantero 12,brócoli,planta,350,15/6/2020,7,700
2/4/2020,,Inv. 14 cantero 13,acelga,planta,350,2/7/2020,7,700
2/4/2020,,Inv. 14 cantero 14,kale,planta,350,2/7/2020,7,700
2/4/2020,,Inv. 14 cantero 15,kale,planta,350,2/7/2020,7,700
2/4/2020,,Inv. 14 cantero 16,kale,planta,350,2/7/2020,7,700
10/7/2019,,Inv. 14 cantero 17,kale,planta,350,10/10/2019,7,700
10/7/2019,,Inv. 14 cantero 18,kale,planta,350,10/10/2019,7,700
20/12/2020,,Inv 15 cantero 1,tomate,planta,100,20/15/2020,7,200
20/12/2020,,Inv 15 cantero 2,tomate,planta,100,20/15/2020,7,200
20/12/2020,,Inv 15 cantero 3,tomate,planta,100,20/15/2020,7,200
20/12/2020,,Inv 15 cantero 4,tomate,planta,100,20/15/2020,7,200
20/12/2020,,Inv 15 cantero 5,tomate,planta,100,20/15/2020,7,200
20/12/2020,,Inv 15 cantero 6,tomate,planta,100,20/15/2020,7,200
20/12/2020,,Inv 15 cantero 7,tomate,planta,100,20/15/2020,7,200
20/12/2020,,Inv 15 cantero 8,tomate,planta,100,20/15/2020,7,200
20/12/2020,,Inv 15 cantero 9,tomate,planta,100,20/15/2020,7,200
20/12/2020,,Inv 15 cantero 10,tomate,planta,100,20/15/2020,7,200
20/12/2020,,Inv 15 cantero 11,tomate,planta,100,20/15/2020,7,200
4/12/2020,,Inv 15 cantero 12,tomate,planta,100,4/15/2020,7,200
4/12/2020,,Inv 15 cantero 13,tomate,planta,100,4/15/2020,7,200
4/12/2020,,Inv 15 cantero 14,tomate,planta,100,4/15/2020,7,200
4/12/2020,,Inv 15 cantero 15,tomate,planta,100,4/15/2020,7,200
25/12/2020,,Inv 15 cantero 16,tomate,planta,100,25/15/2020,7,200
5/4/2017,,LOTE 4 cantero ,alcaucil,planta,400,5/7/2017,7,800
5/4/2017,,LOTE 4 cantero ,alcaucil,planta,400,5/7/2017,7,800
21/2/2020,,LOTE 6  cantero ,salsifí,planta,400,21/5/2020,7,800
21/2/2020,,LOTE 6  cantero ,perejil,planta,150,21/5/2020,7,300
21/2/2020,,LOTE 6  cantero ,pastinaca,planta,950,21/5/2020,7,1900
26/3/2020,,LOTE 6  cantero ,pastinaca,planta,1050,26/6/2020,7,2100
26/3/2020,,LOTE 6  cantero ,salsifí,planta,150,26/6/2020,7,300
4/4/2020,,LOTE 6  cantero ,kale,planta,200,4/7/2020,7,400
5/5/2017,,LOTE 7 cantero ,alcaucil,planta,100,5/8/2017,7,200
5/5/2017,,LOTE 7 cantero ,alcaucil,planta,200,5/8/2017,7,400
10/4/2019,,Inv 1 cantero 1,flores,planta,150,10/7/2019,7,300
10/4/2019,,Inv 1 cantero 2,flores,planta,150,10/7/2019,7,300
20/2/2020,,Inv 1 cantero 3,flores,planta,150,20/5/2020,7,300
1/7/2020,,Inv 1 cantero 5,ciboullette,planta,350,1/10/2020,7,700
1/7/2020,,Inv 1 cantero 6,ciboullette,planta,350,1/10/2020,7,700
1/7/2020,,Inv 1 cantero 7,ciboullette,planta,350,1/10/2020,7,700
1/7/2020,,Inv 1 cantero 8,ciboullette,planta,350,1/10/2020,7,700
9/3/2020,,Inv 2  cantero 1,rúcula,planta,350,9/6/2020,7,700
20/4/2020,,Inv 2  cantero 2,kale,planta,350,20/7/2020,7,700
20/4/2020,,Inv 2  cantero 3,kale,planta,350,20/7/2020,7,700
10/5/2020,,Inv 2  cantero 5,zanahoria,planta,350,10/8/2020,7,700
20/6/2020,,Inv 2  cantero 6,francesa,planta,350,20/9/2020,7,700
20/3/2020,,Inv 2  cantero 7,hoja,planta,350,20/6/2020,7,700
7/3/2020,,Inv 2  cantero 8,apio,planta,350,7/6/2020,7,700
20/5/2020,,Inv 2  cantero 9,remolacha,planta,350,20/8/2020,7,700
2/3/2020,,Inv 2  cantero 10,apio,planta,350,2/6/2020,7,700
4/3/2020,,Inv 2  cantero 11,radicheta,planta,350,4/6/2020,7,700
20/3/2020,,Inv 2  cantero 12,remolacha,planta,350,20/6/2020,7,700
28/3/2020,,Inv 2  cantero 13,acelga,planta,350,28/6/2020,7,700
30/5/2020,,Inv 2  cantero 14,pack,planta,350,30/8/2020,7,700
18/2/2020,,Inv 2  cantero 15,kales,planta,350,18/5/2020,7,700
6/3/2020,,Inv 2  cantero 16,cilantro,planta,350,6/6/2020,7,700
1/6/2020,,Inv 2  cantero 17,cilantro,planta,350,1/9/2020,7,700
30/3/2020,,Inv 2  cantero 18,bimi,planta,350,30/6/2020,7,700
30/3/2020,,Inv 2  cantero 19,bimi,planta,350,30/6/2020,7,700
10/4/2020,,Inv 2  cantero 20,acelga,planta,350,10/7/2020,7,700
26/6/2020,,Inv 2  cantero 21,apio,planta,350,26/9/2020,7,700
26/6/2020,,Inv 2  cantero 22,acelga,planta,350,26/9/2020,7,700
26/6/2020,,Inv 2  cantero 23,acelga,planta,350,26/9/2020,7,700
20/3/2020,,Inv 3  cantero 1,acelga,planta,350,20/6/2020,7,700
10/4/2020,,Inv 3  cantero 2,acelga,planta,350,10/7/2020,7,700
26/6/2020,,Inv 3  cantero 3,apio,planta,350,26/9/2020,7,700
15/4/2020,,Inv 3  cantero 4,verdeo,planta,100,15/7/2020,7,200
1/6/2020,,Inv 3  cantero 6,rabanito,planta,350,1/9/2020,7,700
20/5/2020,,Inv 3  cantero 8,espinaca,planta,350,20/8/2020,7,700
1/6/2020,,Inv 3  cantero 10,verdeo,planta,350,1/9/2020,7,700
1/6/2020,,Inv 3  cantero 11,verdeo,planta,350,1/9/2020,7,700
9/9/2019,,Inv 3  cantero 11,pimiento,planta,100,9/12/2019,7,200
15/6/2020,,Inv 3  cantero 14,rúcula,planta,350,15/9/2020,7,700
20/4/2020,,Inv 3  cantero 15,remolacha,planta,350,20/7/2020,7,700
1/6/2020,,Inv 3  cantero 16,rabanito,planta,350,1/9/2020,7,700
30/1/2020,,Inv 3  cantero 19,acelga,planta,350,30/4/2020,7,700
30/1/2020,,Inv 3  cantero 20,acelga,planta,350,30/4/2020,7,700
10/6/2020,,Inv 3  cantero 21,coliflor,planta,350,10/9/2020,7,700
10/6/2020,,Inv 4  cantero 6,coliflor,planta,350,10/9/2020,7,700
15/6/2020,,Inv 4  cantero 7,radicheta,planta,350,15/9/2020,7,700
20/4/2020,,Inv 4  cantero 8,coliflor,planta,350,20/7/2020,7,700
20/4/2020,,Inv 4  cantero 9,coliflor,planta,350,20/7/2020,7,700
20/4/2020,,Inv 4  cantero 10,coliflor,planta,350,20/7/2020,7,700
20/2/2020,,Inv 4  cantero 11,brócoli,planta,350,20/5/2020,7,700
20/2/2020,,Inv 4  cantero 12,brócoli,planta,350,20/5/2020,7,700
20/2/2020,,Inv 4  cantero 13,brócoli,planta,350,20/5/2020,7,700
20/2/2020,,Inv 4  cantero 14,brócoli,planta,350,20/5/2020,7,700
26/6/2020,,Inv 4  cantero 15,coliflor,planta,350,26/9/2020,7,700
26/6/2020,,Inv 4  cantero 16,brócoli,planta,350,26/9/2020,7,700
26/6/2020,,Inv 4  cantero 17,brócoli,planta,350,26/9/2020,7,700
26/6/2020,,Inv 4  cantero 18,brócoli,planta,350,26/9/2020,7,700
20/4/2020,,Inv 4  cantero 19,brócoli,planta,350,20/7/2020,7,700
20/4/2020,,Inv 4  cantero 20,brócoli,planta,350,20/7/2020,7,700
10/44/2020,,Inv 5 cantero 4,lechugas,planta,350,10/47/2020,7,700
10/4/2020,,Inv 5 cantero 5,lechugas,planta,350,10/7/2020,7,700
25/6/2020,,Inv 5 cantero 6,mantecosa,planta,350,25/9/2020,7,700
12/4/2020,,Inv 5 cantero ,coliflor,planta,350,12/7/2020,7,700
26/6/2020,,Inv. 6 cantero 1,zanahoria,planta,300,26/9/2020,7,600
30/8/2019,,Inv. 6 cantero 3,ajíes,planta,100,30/11/2019,7,200
30/8/2019,,Inv. 6 cantero 4,ajíes,planta,100,30/11/2019,7,200
30/8/2019,,Inv. 6 cantero 5,ajíes,planta,100,30/11/2019,7,200
27/4/2020,,Inv. 6 cantero 6,kale,planta,350,27/7/2020,7,700
30/4/2020,,Inv. 6 cantero 7,brócoli,planta,350,30/7/2020,7,700
27/6/2020,,Inv. 6 cantero 8,rúcula,planta,350,27/9/2020,7,700
30/4/2020,,Inv. 6 cantero 9,pack,planta,350,30/7/2020,7,700
30/8/2019,,Inv. 6 cantero 10,ajíes,planta,100,30/11/2019,7,200
20/6/2020,,Inv. 6 cantero 11,brócoli,planta,350,20/9/2020,7,700
20/6/2020,,Inv. 6 cantero 12,brócoli,planta,350,20/9/2020,7,700
20/6/2020,,Inv. 6 cantero 13,espinaca,planta,350,20/9/2020,7,700
27/4/2020,,Inv. 6 cantero 14,acelga,planta,350,27/7/2020,7,700
15/6/2020,,Inv. 6 cantero 15,coliflor,planta,350,15/9/2020,7,700
26/3/2020,,Inv. 6 cantero 16,arveja,planta,150,26/6/2020,7,300
30/3/2020,,Inv. 7 cantero 1,colinabo,planta,350,30/6/2020,7,700
24/5/2020,,Inv. 7 cantero 5,francesa,planta,350,24/8/2020,7,700
24/5/2020,,Inv. 7 cantero 6,mantecosa,planta,350,24/8/2020,7,700
24/5/2020,,Inv. 7 cantero 7,francesa,planta,350,24/8/2020,7,700
10/4/2020,,Inv. 7 cantero 8,acelga,planta,350,10/7/2020,7,700
9/4/2020,,Inv. 7 cantero 9,acelga,planta,350,9/7/2020,7,700
19/5/2020,,Inv. 7 cantero 10,mantecosa,planta,350,19/8/2020,7,700
19/5/2020,,Inv. 7 cantero 11,espinaca,planta,350,19/8/2020,7,700
4/6/2020,,Inv. 7 cantero 12,brócoli,planta,350,4/9/2020,7,700
4/6/2020,,Inv. 7 cantero 13,brócoli,planta,350,4/9/2020,7,700
4/6/2020,,Inv. 7 cantero 14,brócoli,planta,350,4/9/2020,7,700
20/6/2020,,Inv. 7 cantero 15,frutilla,planta,150,20/9/2020,7,300
20/6/2020,,Inv. 7 cantero 16,frutilla,planta,150,20/9/2020,7,300
10/5/2020,,Inv. 8  cantero 1,acelga,planta,350,10/8/2020,7,700
10/5/2020,,Inv. 8  cantero 2,rabanito,planta,350,10/8/2020,7,700
10/5/2020,,Inv. 8  cantero 3,morada,planta,350,10/8/2020,7,700
10/5/2020,,Inv. 8  cantero 4,mantecosa,planta,350,10/8/2020,7,700
10/5/2020,,Inv. 8  cantero 5,francesa,planta,350,10/8/2020,7,700
10/5/2020,,Inv. 8  cantero 6,espinaca,planta,350,10/8/2020,7,700
10/5/2020,,Inv. 8  cantero 7,espinaca,planta,350,10/8/2020,7,700
10/5/2020,,Inv. 8  cantero 8,rabanito,planta,350,10/8/2020,7,700
10/5/2020,,Inv. 8  cantero 9,rúcula,planta,350,10/8/2020,7,700
26/3/2020,,Inv. 8  cantero 10,brócoli,planta,350,26/6/2020,7,700
26/3/2020,,Inv. 8  cantero 11,acelga,planta,350,26/6/2020,7,700
26/3/2020,,Inv. 8  cantero 12,acelga,planta,350,26/6/2020,7,700
26/3/2020,,Inv. 8  cantero 13,perejil,planta,350,26/6/2020,7,700
12/5/2020,,Inv. 8  cantero 14,espinaca,planta,350,12/8/2020,7,700
20/5/2020,,Inv. 8  cantero 15,verdeo,planta,350,20/8/2020,7,700
1/6/2020,,Inv. 8  cantero 16,espinaca,planta,350,1/9/2020,7,700
20/4/2020,,Inv. 8  cantero 18,kale,planta,350,20/7/2020,7,700
15/4/2020,,Inv. 9  cantero 1,mentas,planta,150,15/7/2020,7,300
10/11/2014,,Inv. 9  cantero 2,mentas,planta,150,10/14/2014,7,300
10/4/2018,,Inv. 9  cantero 3,mentas,planta,150,10/7/2018,7,300
17/1/2020,,Inv. 9  cantero 4,tomate,planta,100,17/4/2020,7,200
17/1/2020,,Inv. 9  cantero 5,tomate,planta,100,17/4/2020,7,200
10/4/2020,,Inv. 9  cantero 6,kale,planta,350,10/7/2020,7,700
17/1/2020,,Inv. 9  cantero 7,tomate,planta,100,17/4/2020,7,200
17/1/2020,,Inv. 9  cantero 8,tomate,planta,100,17/4/2020,7,200
17/1/2020,,Inv. 9  cantero 9,tomate,planta,100,17/4/2020,7,200
17/1/2020,,Inv. 9  cantero 10,tomate,planta,100,17/4/2020,7,200
13/2/2020,,Inv. 10 cantero 2,mizunas,planta,300,13/5/2020,7,600
10/5/2015,,Inv. 10 cantero 4,aromáticas,planta,150,10/8/2015,7,300
24/3/2015,,Inv. 10 cantero 5,"tomillo,",planta,100,24/6/2015,7,200
3/7/2020,,Inv. 10 cantero 7,pack,planta,350,3/10/2020,7,700
3/7/2020,,Inv. 10 cantero 8,akusay,planta,350,3/10/2020,7,700
24/3/2020,,Inv. 10 cantero 9,arveja,planta,100,24/6/2020,7,200
26/6/2020,,Inv. 10 cantero 10,remolacha,planta,350,26/9/2020,7,700
24/2/2015,,Inv. 10 cantero 14 y 15,aromáticas,planta,150,24/5/2015,7,300
1/5/2017,,Inv. 10 cantero 16,borraja,planta,150,1/8/2017,7,300
15/5/2020,,Inv. 11  cantero 1,rabanito,planta,350,15/8/2020,7,700
10/6/2020,,Inv. 11  cantero 3,espinaca,planta,350,10/9/2020,7,700
10/6/2020,,Inv. 11  cantero 4,espinaca,planta,350,10/9/2020,7,700
2/6/2020,,Inv. 11  cantero 5,lechugas,planta,350,2/9/2020,7,700
2/6/2020,,Inv. 11  cantero 6,apio,planta,350,2/9/2020,7,700
10/6/2020,,Inv. 11  cantero 7,apio,planta,350,10/9/2020,7,700
10/5/2020,,Inv. 11  cantero 8,remolacha,planta,350,10/8/2020,7,700
12/5/2020,,Inv. 11  cantero 9,espinaca,planta,350,12/8/2020,7,700
12/6/2020,,Inv. 11  cantero 10,espinaca,planta,350,12/9/2020,7,700
12/6/2020,,Inv. 11  cantero 11,espinaca,planta,350,12/9/2020,7,700
30/3/2020,,Inv. 11  cantero 13,kale,planta,350,30/6/2020,7,700
12/5/2020,,Inv. 11  cantero 14,espinaca,planta,350,12/8/2020,7,700
8/4/2020,,Inv. 11  cantero 15,acelga,planta,350,8/7/2020,7,700
12/6/2020,,Inv. 11  cantero 16,espinaca,planta,350,12/9/2020,7,700
8/4/2020,,Inv. 11  cantero 17,remolacha,planta,350,8/7/2020,7,700
26/6/2020,,Inv. 11  cantero 18,apio,planta,350,26/9/2020,7,700
15/6/2020,,Inv. 12 cantero 1,verdeo,planta,350,15/9/2020,7,700
8/5/2020,,Inv. 12 cantero 2,espinaca,planta,350,8/8/2020,7,700
20/6/2020,,Inv. 12 cantero 3,tomate,planta,100,20/9/2020,7,200
20/6/2020,,Inv. 12 cantero 4,tomate,planta,100,20/9/2020,7,200
20/6/2020,,Inv. 12 cantero 5,tomate,planta,100,20/9/2020,7,200
18/5/2020,,Inv. 12 cantero 6,espinaca,planta,350,18/8/2020,7,700
27/7/2020,,Inv. 12 cantero 7,espinaca,planta,350,27/10/2020,7,700
28/3/2020,,Inv. 12 cantero 8,espinaca,planta,350,28/6/2020,7,700
27/6/2020,,Inv. 12 cantero 9,apio,planta,350,27/9/2020,7,700
10/7/2019,,Inv. 12 cantero 10,verdeo,planta,350,10/10/2019,7,700
10/7/2019,,Inv. 12 cantero 11,verdeo,planta,350,10/10/2019,7,700
25/5/2020,,Inv. 12 cantero 12,pack,planta,350,25/8/2020,7,700
27/6/2020,,Inv. 12 cantero 13,francesa,planta,350,27/9/2020,7,700
8/4/2020,,Inv. 12 cantero 14,puerro,planta,350,8/7/2020,7,700
27/6/2020,,Inv. 12 cantero 15,francesa,planta,350,27/9/2020,7,700
25/3/2020,,Inv. 12 cantero 16,perejil,planta,350,25/6/2020,7,700
6/6/2020,,Inv. 12 cantero 17,apio,planta,350,6/9/2020,7,700
18/6/2020,,Inv. 13 cantero 2,espinaca,planta,350,18/9/2020,7,700
18/6/2020,,Inv. 13 cantero 3,rúcula,planta,350,18/9/2020,7,700
10/3/2020,,Inv. 13 cantero 4,perejil,planta,350,10/6/2020,7,700
18/6/2020,,Inv. 13 cantero 5,espinaca,planta,350,18/9/2020,7,700
18/6/2020,,Inv. 13 cantero 6,rabanito,planta,350,18/9/2020,7,700
1/3/2020,,Inv. 13 cantero 7,acelga,planta,350,1/6/2020,7,700
1/3/2020,,Inv. 13 cantero 8,acelga,planta,350,1/6/2020,7,700
1/4/2020,,Inv. 13 cantero 9,puerro,planta,350,1/7/2020,7,700
30/4/2020,,Inv. 13 cantero 10,espinaca,planta,350,30/7/2020,7,700
20/3/2020,,Inv. 13 cantero 11,perejil,planta,350,20/6/2020,7,700
1/6/2020,,Inv. 13 cantero 12,rabanito,planta,350,1/9/2020,7,700
25/4/2020,,Inv. 13 cantero 13,acelga,planta,350,25/7/2020,7,700
27/6/2020,,Inv. 13 cantero 14,?,planta,350,27/9/2020,7,700
1/6/2020,,Inv. 13 cantero 15,rúcula,planta,350,1/9/2020,7,700
18/5/2020,,Inv. 13 cantero 16,rabanito,planta,350,18/8/2020,7,700
27/6/2020,,Inv. 13 cantero 17,?,planta,350,27/9/2020,7,700
27/6/2020,,Inv. 13 cantero 18,?,planta,350,27/9/2020,7,700
3/4/2020,,Inv. 14 cantero 1,puerro,planta,350,3/7/2020,7,700
27/6/2020,,Inv. 14 cantero 3,rabanito,planta,350,27/9/2020,7,700
27/6/2020,,Inv. 14 cantero 4,rúcula,planta,350,27/9/2020,7,700
18/6/2020,,Inv. 14 cantero 5,rúcula,planta,350,18/9/2020,7,700
28/2/2020,,Inv. 14 cantero 6,acelga,planta,350,28/5/2020,7,700
28/2/2020,,Inv. 14 cantero 7,acelga,planta,350,28/5/2020,7,700
2/5/2020,,Inv. 14 cantero 8,acelga,planta,350,2/8/2020,7,700
26/6/2020,,Inv. 14 cantero 9,francesa,planta,350,26/9/2020,7,700
26/6/2020,,Inv. 14 cantero 10,morada,planta,350,26/9/2020,7,700
2/4/2020,,Inv. 14 cantero 13,acelga,planta,350,2/7/2020,7,700
2/4/2020,,Inv. 14 cantero 14,kale,planta,350,2/7/2020,7,700
2/4/2020,,Inv. 14 cantero 15,kale,planta,350,2/7/2020,7,700
2/4/2020,,Inv. 14 cantero 16,kale,planta,350,2/7/2020,7,700
30/4/2020,,Inv. 14 cantero 17,brócoli,planta,350,30/7/2020,7,700
30/4/2020,,Inv. 14 cantero 18,brócoli,planta,350,30/7/2020,7,700
30/4/2020,,Inv 15 cantero 1,coliflor,planta,350,30/7/2020,7,700
30/4/2020,,Inv 15 cantero 2,coliflor,planta,350,30/7/2020,7,700
30/4/2020,,Inv 15 cantero 3,francesa,planta,350,30/7/2020,7,700
30/4/2020,,Inv 15 cantero 4,rabanito,planta,350,30/7/2020,7,700
30/4/2020,,Inv 15 cantero 5,akusay,planta,350,30/7/2020,7,700
30/4/2020,,Inv 15 cantero 6,nabos,planta,350,30/7/2020,7,700
30/4/2020,,Inv 15 cantero 7,espinaca,planta,350,30/7/2020,7,700
30/4/2020,,Inv 15 cantero 8,espinaca,planta,350,30/7/2020,7,700
30/4/2020,,Inv 15 cantero 9,acelga,planta,350,30/7/2020,7,700
30/4/2020,,Inv 15 cantero 10,remolacha,planta,350,30/7/2020,7,700
30/4/2020,,Inv 15 cantero 11,remolacha,planta,350,30/7/2020,7,700
6/6/2020,,Inv 15 cantero 12,francesa,planta,350,6/9/2020,7,700
30/4/2020,,Inv 15 cantero 13,mantecosa,planta,350,30/7/2020,7,700
30/4/2020,,Inv 15 cantero 14,mantecosa,planta,350,30/7/2020,7,700
30/4/2020,,Inv 15 cantero 15,francesa,planta,350,30/7/2020,7,700
30/4/2020,,Inv 15 cantero 16,brócoli,planta,350,30/7/2020,7,700
5/4/2017,,LOTE 4 cantero ,alcaucil,planta,400,5/7/2017,7,800
5/4/2017,,LOTE 4 cantero ,alcaucil,planta,400,5/7/2017,7,800
21/2/2020,,LOTE 6  cantero ,salsifí,planta,400,21/5/2020,7,800
21/2/2020,,LOTE 6  cantero ,perejil,planta,150,21/5/2020,7,300
21/2/2020,,LOTE 6  cantero ,pastinaca,planta,950,21/5/2020,7,1900
26/3/2020,,LOTE 6  cantero ,pastinaca,planta,1050,26/6/2020,7,2100
26/3/2020,,LOTE 6  cantero ,salsifí,planta,150,26/6/2020,7,300
4/4/2020,,LOTE 6  cantero ,kale,planta,200,4/7/2020,7,400
12/5/2020,,LOTE 7 cantero ,coliflor,planta,400,12/8/2020,7,800
12/5/2020,,LOTE 7 cantero ,coliflor,planta,400,12/8/2020,7,800
12/5/2020,,LOTE 7 cantero ,kale,planta,800,12/8/2020,7,1600
12/5/2020,,LOTE 7 cantero ,kale,planta,350,12/8/2020,7,700
12/5/2020,,LOTE 7 cantero ,haba,planta,900,12/8/2020,7,1800
5/5/2017,,LOTE 7 cantero ,alcaucil,planta,100,5/8/2017,7,200
5/5/2017,,LOTE 7 cantero ,alcaucil,planta,200,5/8/2017,7,400
10/4/2019,,Inv 1 cantero 1,flores,planta,150,10/7/2019,7,300
10/4/2019,,Inv 1 cantero 2,flores,planta,150,10/7/2019,7,300
20/2/2020,,Inv 1 cantero 3,flores,planta,150,20/5/2020,7,300
20/8/2020,,Inv 1 cantero 4,perejil,planta,350,20/11/2020,7,700
1/7/2020,,Inv 1 cantero 5,ciboullette,planta,350,1/10/2020,7,700
1/7/2020,,Inv 1 cantero 6,ciboullette,planta,350,1/10/2020,7,700
1/7/2020,,Inv 1 cantero 7,ciboullette,planta,350,1/10/2020,7,700
1/7/2020,,Inv 1 cantero 8,ciboullette,planta,350,1/10/2020,7,700
16/8/2020,,Inv 2  cantero 1,morada,planta,350,16/11/2020,7,700
20/4/2020,,Inv 2  cantero 2,kale,planta,350,20/7/2020,7,700
20/4/2020,,Inv 2  cantero 3,kale,planta,350,20/7/2020,7,700
20/7/2020,,Inv 2  cantero 4,acelga,planta,350,20/10/2020,7,700
10/5/2020,,Inv 2  cantero 5,zanahoria,planta,350,10/8/2020,7,700
20/7/2020,,Inv 2  cantero 6,acelga,planta,350,20/10/2020,7,700
6/8/2020,,Inv 2  cantero 7,mantecosa,planta,350,6/11/2020,7,700
6/8/2020,,Inv 2  cantero 8,francesa,planta,350,6/11/2020,7,700
20/5/2020,,Inv 2  cantero 9,remolacha,planta,350,20/8/2020,7,700
6/8/2020,,Inv 2  cantero 10,mantecosa,planta,350,6/11/2020,7,700
6/8/2020,,Inv 2  cantero 11,mantecosa,planta,350,6/11/2020,7,700
20/3/2020,,Inv 2  cantero 12,remolacha,planta,350,20/6/2020,7,700
28/3/2020,,Inv 2  cantero 13,acelga,planta,350,28/6/2020,7,700
15/7/2020,,Inv 2  cantero 14,remolacha,planta,350,15/10/2020,7,700
20/7/2020,,Inv 2  cantero 15,radicheta,planta,350,20/10/2020,7,700
1/6/2020,,Inv 2  cantero 17,cilantro,planta,350,1/9/2020,7,700
16/9/2020,,Inv 2  cantero 18,chaucha,planta,100,16/12/2020,7,200
16/9/2020,,Inv 2  cantero 19,chaucha,planta,100,16/12/2020,7,200
10/4/2020,,Inv 2  cantero 20,acelga,planta,350,10/7/2020,7,700
26/6/2020,,Inv 2  cantero 21,apio,planta,350,26/9/2020,7,700
26/6/2020,,Inv 2  cantero 22,remolacha,planta,350,26/9/2020,7,700
26/6/2020,,Inv 2  cantero 23,remolacha,planta,350,26/9/2020,7,700
20/3/2020,,Inv 3  cantero 1,acelga,planta,350,20/6/2020,7,700
10/4/2020,,Inv 3  cantero 2,acelga,planta,350,10/7/2020,7,700
26/6/2020,,Inv 3  cantero 3,apio,planta,350,26/9/2020,7,700
15/4/2020,,Inv 3  cantero 4,verdeo,planta,100,15/7/2020,7,200
6/8/2020,,Inv 3  cantero 6,tomate,planta,100,6/11/2020,7,200
6/8/2020,,Inv 3  cantero 7,tomate,planta,100,6/11/2020,7,200
6/8/2020,,Inv 3  cantero 8,tomate,planta,100,6/11/2020,7,200
6/8/2020,,Inv 3  cantero 9,tomate,planta,100,6/11/2020,7,200
6/8/2020,,Inv 3  cantero 10,tomate,planta,100,6/11/2020,7,200
6/8/2020,,Inv 3  cantero 11,tomate,planta,100,6/11/2020,7,200
6/8/2020,,Inv 3  cantero 11,tomate,planta,100,6/11/2020,7,200
6/8/2020,,Inv 3  cantero 12,tomate,planta,100,6/11/2020,7,200
9/8/2020,,Inv 3  cantero 13,berenjena,planta,100,9/11/2020,7,200
9/8/2020,,Inv 3  cantero 14,berenjena,planta,100,9/11/2020,7,200
9/8/2020,,Inv 3  cantero 15,berenjena,planta,100,9/11/2020,7,200
9/8/2020,,Inv 3  cantero 16,berenjena,planta,100,9/11/2020,7,200
9/8/2020,,Inv 3  cantero 17,berenjena,planta,100,9/11/2020,7,200
30/1/2020,,Inv 3  cantero 19,acelga,planta,350,30/4/2020,7,700
30/1/2020,,Inv 3  cantero 20,acelga,planta,350,30/4/2020,7,700
10/6/2020,,Inv 3  cantero 21,coliflor,planta,350,10/9/2020,7,700
1/9/2020,,Inv 4  cantero 1,pack,planta,350,1/12/2020,7,700
1/9/2020,,Inv 4  cantero 2,pack,planta,350,1/12/2020,7,700
10/7/2020,,Inv 4  cantero 3,brócoli,planta,350,10/10/2020,7,700
10/7/2020,,Inv 4  cantero 4,brócoli,planta,350,10/10/2020,7,700
10/7/2020,,Inv 4  cantero 5,brócoli,planta,350,10/10/2020,7,700
1/7/2020,,Inv 4  cantero 12,brócoli,planta,350,1/10/2020,7,700
1/7/2020,,Inv 4  cantero 13,brócoli,planta,350,1/10/2020,7,700
1/7/2020,,Inv 4  cantero 14,brócoli,planta,350,1/10/2020,7,700
26/7/2020,,Inv 4  cantero 16,brócoli,planta,350,26/10/2020,7,700
26/7/2020,,Inv 4  cantero 17,brócoli,planta,350,26/10/2020,7,700
26/7/2020,,Inv 4  cantero 18,brócoli,planta,350,26/10/2020,7,700
26/7/2020,,Inv 4  cantero 19,brócoli,planta,350,26/10/2020,7,700
26/7/2020,,Inv 4  cantero 20,brócoli,planta,350,26/10/2020,7,700
10/44/2020,,Inv 5 cantero 4,lechugas,planta,350,10/47/2020,7,700
10/4/2020,,Inv 5 cantero 5,lechugas,planta,350,10/7/2020,7,700
25/6/2020,,Inv 5 cantero 6,mantecosa,planta,350,25/9/2020,7,700
12/8/2020,,Inv 5 cantero 7,tomate,planta,100,12/11/2020,7,200
12/8/2020,,Inv 5 cantero 8,tomate,planta,100,12/11/2020,7,200
12/8/2020,,Inv 5 cantero ,tomate,planta,100,12/11/2020,7,200
12/8/2020,,Inv 5 cantero 10,tomate,planta,100,12/11/2020,7,200
12/8/2020,,Inv 5 cantero 11,tomate,planta,100,12/11/2020,7,200
12/8/2020,,Inv 5 cantero 12,tomate,planta,100,12/11/2020,7,200
12/8/2020,,Inv 5 cantero 13,tomate,planta,100,12/11/2020,7,200
6/8/2020,,Inv 5 cantero 14,morada,planta,350,6/11/2020,7,700
6/8/2020,,Inv 5 cantero 15,francesa,planta,350,6/11/2020,7,700
6/8/2020,,Inv 5 cantero 16,mantecosa,planta,350,6/11/2020,7,700
6/8/2020,,Inv 5 cantero 17,mantecosa,planta,350,6/11/2020,7,700
6/8/2020,,Inv 5 cantero 18,apio,planta,350,6/11/2020,7,700
6/8/2020,,Inv 5 cantero 19,apio,planta,350,6/11/2020,7,700
26/6/2020,,Inv. 6 cantero 1,zanahoria,planta,300,26/9/2020,7,600
26/8/2020,,Inv. 6 cantero 3,tomate,planta,100,26/11/2020,7,200
26/8/2020,,Inv. 6 cantero 4,tomate,planta,100,26/11/2020,7,200
26/8/2020,,Inv. 6 cantero 5,tomate,planta,100,26/11/2020,7,200
27/4/2020,,Inv. 6 cantero 6,kale,planta,350,27/7/2020,7,700
30/7/2020,,Inv. 6 cantero 7,brócoli,planta,350,30/10/2020,7,700
27/6/2020,,Inv. 6 cantero 8,rúcula,planta,350,27/9/2020,7,700
30/4/2020,,Inv. 6 cantero 9,pack,planta,350,30/7/2020,7,700
26/8/2020,,Inv. 6 cantero 10,tomate,planta,100,26/11/2020,7,200
20/6/2020,,Inv. 6 cantero 11,brócoli,planta,350,20/9/2020,7,700
20/6/2020,,Inv. 6 cantero 12,brócoli,planta,350,20/9/2020,7,700
20/6/2020,,Inv. 6 cantero 13,espinaca,planta,350,20/9/2020,7,700
27/4/2020,,Inv. 6 cantero 14,acelga,planta,350,27/7/2020,7,700
15/6/2020,,Inv. 6 cantero 15,coliflor,planta,350,15/9/2020,7,700
26/3/2020,,Inv. 6 cantero 16,arveja,planta,150,26/6/2020,7,300
25/9/2020,,Inv. 7 cantero 1,okra,planta,100,25/12/2020,7,200
26/8/2020,,Inv. 7 cantero 2,berenjena,planta,100,26/11/2020,7,200
26/8/2020,,Inv. 7 cantero 3,berenjena,planta,100,26/11/2020,7,200
26/8/2020,,Inv. 7 cantero 4,berenjena,planta,100,26/11/2020,7,200
26/8/2020,,Inv. 7 cantero 5,berenjena,planta,100,26/11/2020,7,200
26/8/2020,,Inv. 7 cantero 6,berenjena,planta,100,26/11/2020,7,200
26/8/2020,,Inv. 7 cantero 7,ajíes,planta,100,26/11/2020,7,200
10/4/2020,,Inv. 7 cantero 8,acelga,planta,350,10/7/2020,7,700
9/4/2020,,Inv. 7 cantero 9,acelga,planta,350,9/7/2020,7,700
26/8/2020,,Inv. 7 cantero 10,ajíes,planta,100,26/11/2020,7,200
26/8/2020,,Inv. 7 cantero 11,ajíes,planta,100,26/11/2020,7,200
26/8/2020,,Inv. 7 cantero 12,berenjena,planta,100,26/11/2020,7,200
23/9/2020,,Inv. 7 cantero 13,pepinos,planta,100,23/12/2020,7,200
21/9/2020,,Inv. 7 cantero 14,chauchas,planta,150,21/12/2020,7,300
20/6/2020,,Inv. 7 cantero 15,frutilla,planta,150,20/9/2020,7,300
20/6/2020,,Inv. 7 cantero 16,frutilla,planta,150,20/9/2020,7,300
10/5/2020,,Inv. 8  cantero 1,acelga,planta,350,10/8/2020,7,700
7/8/2020,,Inv. 8  cantero 2,pimiento,planta,100,7/11/2020,7,200
7/8/2020,,Inv. 8  cantero 3,pimiento,planta,100,7/11/2020,7,200
7/8/2020,,Inv. 8  cantero 4,pimiento,planta,100,7/11/2020,7,200
7/8/2020,,Inv. 8  cantero 5,pimiento,planta,100,7/11/2020,7,200
31/7/2020,,Inv. 8  cantero 6,pimiento,planta,100,31/10/2020,7,200
31/7/2020,,Inv. 8  cantero 7,pimiento,planta,100,31/10/2020,7,200
31/7/2020,,Inv. 8  cantero 8,pimiento,planta,100,31/10/2020,7,200
10/8/2020,,Inv. 8  cantero 9,rabanito,planta,350,10/11/2020,7,700
7/8/2020,,Inv. 8  cantero 10,pimiento,planta,100,7/11/2020,7,200
26/3/2020,,Inv. 8  cantero 11,acelga,planta,350,26/6/2020,7,700
20/8/2020,,Inv. 8  cantero 12,rabanito,planta,350,20/11/2020,7,700
26/3/2020,,Inv. 8  cantero 13,perejil,planta,350,26/6/2020,7,700
30/8/2020,,Inv. 8  cantero 14,acelga,planta,350,30/11/2020,7,700
15/9/2020,,Inv. 8  cantero 15,rabanito,planta,350,15/12/2020,7,700
6/8/2020,,Inv. 8  cantero 16,espinaca,planta,350,6/11/2020,7,700
15/9/2020,,Inv. 8  cantero 17,rúcula,planta,350,15/12/2020,7,700
20/4/2020,,Inv. 8  cantero 18,kale,planta,350,20/7/2020,7,700
15/4/2020,,Inv. 9  cantero 1,mentas,planta,150,15/7/2020,7,300
10/11/2014,,Inv. 9  cantero 2,mentas,planta,150,10/14/2014,7,300
10/4/2018,,Inv. 9  cantero 3,mentas,planta,150,10/7/2018,7,300
10/7/2020,,Inv. 9  cantero 4,capuchina,planta,350,10/10/2020,7,700
10/7/2020,,Inv. 9  cantero 5,grelo,planta,350,10/10/2020,7,700
10/4/2020,,Inv. 9  cantero 6,kale,planta,350,10/7/2020,7,700
9/7/2020,,Inv. 9  cantero 7,acelga,planta,350,9/10/2020,7,700
9/7/2020,,Inv. 9  cantero 8,lechuga,planta,350,9/10/2020,7,700
9/7/2020,,Inv. 9  cantero 9,verdeo,planta,350,9/10/2020,7,700
9/7/2020,,Inv. 9  cantero 10,acelga,planta,350,9/10/2020,7,700
3/7/2020,,Inv. 10 cantero 1,brócoli,planta,350,3/10/2020,7,700
21/9/2020,,Inv. 10 cantero 2,albahacas,planta,300,21/12/2020,7,600
21/9/2020,,Inv. 10 cantero 3,mostazas,planta,300,21/12/2020,7,600
10/5/2015,,Inv. 10 cantero 4,aromáticas,planta,150,10/8/2015,7,300
24/3/2015,,Inv. 10 cantero 5,"tomillo,",planta,100,24/6/2015,7,200
22/9/2020,,Inv. 10 cantero 6,nabos,planta,300,22/12/2020,7,600
3/7/2020,,Inv. 10 cantero 8,akusay,planta,350,3/10/2020,7,700
24/3/2020,,Inv. 10 cantero 9,arveja,planta,100,24/6/2020,7,200
26/6/2020,,Inv. 10 cantero 10,remolacha,planta,350,26/9/2020,7,700
24/2/2015,,Inv. 10 cantero 14 y 15,aromáticas,planta,150,24/5/2015,7,300
1/5/2017,,Inv. 10 cantero 16,borraja,planta,150,1/8/2017,7,300
1/9/2020,,Inv. 11  cantero 1,apio,planta,350,1/12/2020,7,700
12/9/2020,,Inv. 11  cantero 3,perejil,planta,350,12/12/2020,7,700
20/8/2020,,Inv. 11  cantero 4,espinaca,planta,350,20/11/2020,7,700
1/9/2020,,Inv. 11  cantero 5,espinaca,planta,350,1/12/2020,7,700
10/6/2020,,Inv. 11  cantero 7,apio,planta,350,10/9/2020,7,700
30/8/2020,,Inv. 11  cantero 10,apio,planta,350,30/11/2020,7,700
20/7/2020,,Inv. 11  cantero 11,remolacha,planta,350,20/10/2020,7,700
20/8/2020,,Inv. 11  cantero 12,espinaca,planta,350,20/11/2020,7,700
30/3/2020,,Inv. 11  cantero 13,kale,planta,350,30/6/2020,7,700
1/8/2020,,Inv. 11  cantero 14,espinaca,planta,350,1/11/2020,7,700
8/4/2020,,Inv. 11  cantero 15,acelga,planta,350,8/7/2020,7,700
5/9/2020,,Inv. 11  cantero 16,espinaca,planta,350,5/12/2020,7,700
20/8/2020,,Inv. 11  cantero 17,espinaca,planta,350,20/11/2020,7,700
18/9/2020,,Inv. 11  cantero 18,verdeo,planta,350,18/12/2020,7,700
30/8/2020,,Inv. 12 cantero 1,apio,planta,350,30/11/2020,7,700
10/8/2020,,Inv. 12 cantero 2,verdeo,planta,350,10/11/2020,7,700
20/6/2020,,Inv. 12 cantero 3,tomate,planta,100,20/9/2020,7,200
20/6/2020,,Inv. 12 cantero 4,tomate,planta,100,20/9/2020,7,200
20/6/2020,,Inv. 12 cantero 5,tomate,planta,100,20/9/2020,7,200
1/8/2020,,Inv. 12 cantero 6,espinaca,planta,350,1/11/2020,7,700
10/9/2020,,Inv. 12 cantero 7,espinaca,planta,350,10/12/2020,7,700
20/6/2020,,Inv. 12 cantero 8,verdeo,planta,350,20/9/2020,7,700
20/8/2020,,Inv. 12 cantero 9,apio,planta,350,20/11/2020,7,700
11/9/2020,,Inv. 12 cantero 10,francesa,planta,350,11/12/2020,7,700
10/8/2020,,Inv. 12 cantero 11,francesa,planta,350,10/11/2020,7,700
1/9/2020,,Inv. 12 cantero 13,pepino,planta,100,1/12/2020,7,200
1/9/2020,,Inv. 12 cantero 14,pepino,planta,100,1/12/2020,7,200
1/9/2020,,Inv. 12 cantero 15,pepino,planta,100,1/12/2020,7,200
25/3/2020,,Inv. 12 cantero 16,perejil,planta,350,25/6/2020,7,700
6/6/2020,,Inv. 12 cantero 17,apio,planta,350,6/9/2020,7,700
21/9/2020,,Inv. 13 cantero 2,rabanito,planta,350,21/12/2020,7,700
10/8/2020,,Inv. 13 cantero 3,rabanito,planta,350,10/11/2020,7,700
10/3/2020,,Inv. 13 cantero 4,perejil,planta,350,10/6/2020,7,700
30/8/2020,,Inv. 13 cantero 5,rabanito,planta,350,30/11/2020,7,700
20/8/2020,,Inv. 13 cantero 6,rúcula,planta,350,20/11/2020,7,700
20/9/2020,,Inv. 13 cantero 7,morada,planta,350,20/12/2020,7,700
20/9/2020,,Inv. 13 cantero 8,francesa,planta,350,20/12/2020,7,700
1/4/2020,,Inv. 13 cantero 9,puerro,planta,350,1/7/2020,7,700
20/3/2020,,Inv. 13 cantero 11,perejil,planta,350,20/6/2020,7,700
28/8/2020,,Inv. 13 cantero 12,rúcula,planta,350,28/11/2020,7,700
25/4/2020,,Inv. 13 cantero 13,acelga,planta,350,25/7/2020,7,700
1/8/2020,,Inv. 13 cantero 14,rabanito,planta,350,1/11/2020,7,700
1/8/2020,,Inv. 13 cantero 16,rabanito,planta,350,1/11/2020,7,700
27/6/2020,,Inv. 13 cantero 17,perejil,planta,350,27/9/2020,7,700
3/4/2020,,Inv. 14 cantero 1,puerro,planta,350,3/7/2020,7,700
15/9/2020,,Inv. 14 cantero 2,pepino,planta,350,15/12/2020,7,700
20/7/2020,,Inv. 14 cantero 3,pepino??,planta,350,20/10/2020,7,700
20/8/2020,,Inv. 14 cantero 4,espinaca,planta,350,20/11/2020,7,700
28/2/2020,,Inv. 14 cantero 6,acelga,planta,350,28/5/2020,7,700
28/2/2020,,Inv. 14 cantero 7,acelga,planta,350,28/5/2020,7,700
2/5/2020,,Inv. 14 cantero 8,acelga,planta,350,2/8/2020,7,700
20/9/2020,,Inv. 14 cantero 9,mantecosa,planta,350,20/12/2020,7,700
26/6/2020,,Inv. 14 cantero 10,morada,planta,350,26/9/2020,7,700
20/7/2020,,Inv. 14 cantero 11,rabanito,planta,350,20/10/2020,7,700
1/9/2020,,Inv. 14 cantero 12,espinaca,planta,350,1/12/2020,7,700
2/4/2020,,Inv. 14 cantero 13,acelga,planta,350,2/7/2020,7,700
25/8/2020,,Inv. 14 cantero 17,espinaca,planta,350,25/11/2020,7,700
1/9/2020,,Inv. 14 cantero 18,acelga,planta,350,1/12/2020,7,700
15/9/2020,,Inv 15 cantero 1,akusay,planta,350,15/12/2020,7,700
25/8/2020,,Inv 15 cantero 3,tomate,planta,100,25/11/2020,7,200
25/8/2020,,Inv 15 cantero 4,tomate,planta,100,25/11/2020,7,200
25/8/2020,,Inv 15 cantero 5,tomate,planta,100,25/11/2020,7,200
30/4/2020,,Inv 15 cantero 6,nabos,planta,350,30/7/2020,7,700
25/8/2020,,Inv 15 cantero 7,tomate,planta,100,25/11/2020,7,200
25/8/2020,,Inv 15 cantero 8,tomate,planta,100,25/11/2020,7,200
30/4/2020,,Inv 15 cantero 9,acelga,planta,350,30/7/2020,7,700
25/8/2020,,Inv 15 cantero 11,tomate,planta,100,25/11/2020,7,200
25/8/2020,,Inv 15 cantero 12,tomate,planta,100,25/11/2020,7,200
25/8/2020,,Inv 15 cantero 13,tomate,planta,100,25/11/2020,7,200
25/8/2020,,Inv 15 cantero 14,tomate,planta,100,25/11/2020,7,200
25/8/2020,,Inv 15 cantero 15,tomate,planta,100,25/11/2020,7,200
15/9/2020,,Inv 15 cantero 16,akusay,planta,350,15/12/2020,7,700
5/4/2017,,LOTE 4 cantero ,alcaucil,planta,400,5/7/2017,7,800
5/4/2017,,LOTE 4 cantero ,alcaucil,planta,400,5/7/2017,7,800
21/2/2020,,LOTE 6  cantero ,salsifí,planta,400,21/5/2020,7,800
26/3/2020,,LOTE 6  cantero ,pastinaca,planta,1050,26/6/2020,7,2100
26/3/2020,,LOTE 6  cantero ,salsifí,planta,150,26/6/2020,7,300
4/4/2020,,LOTE 6  cantero ,kale,planta,200,4/7/2020,7,400
12/5/2020,,LOTE 7 cantero ,kale,planta,800,12/8/2020,7,1600
12/5/2020,,LOTE 7 cantero ,kale,planta,350,12/8/2020,7,700
12/5/2020,,LOTE 7 cantero ,haba,planta,900,12/8/2020,7,1800
5/5/2017,,LOTE 7 cantero ,alcaucil,planta,100,5/8/2017,7,200
5/5/2017,,LOTE 7 cantero ,alcaucil,planta,200,5/8/2017,7,400
10/4/2019,,Inv 1 cantero 1,flores,planta,150,10/7/2019,7,300
10/4/2019,,Inv 1 cantero 2,flores,planta,150,10/7/2019,7,300
20/2/2020,,Inv 1 cantero 3,flores,planta,150,20/5/2020,7,300
20/8/2020,,Inv 1 cantero 4,perejil,planta,350,20/11/2020,7,700
1/7/2020,,Inv 1 cantero 5,ciboullette,planta,350,1/10/2020,7,700
1/7/2020,,Inv 1 cantero 6,ciboullette,planta,350,1/10/2020,7,700
1/7/2020,,Inv 1 cantero 7,ciboullette,planta,350,1/10/2020,7,700
1/7/2020,,Inv 1 cantero 8,ciboullette,planta,350,1/10/2020,7,700
20/4/2020,,Inv 2  cantero 2,kale,planta,100,20/7/2020,7,200
20/7/2020,,Inv 2  cantero 4,acelga,planta,350,20/10/2020,7,700
5/10/2020,,Inv 2  cantero 5,kale,planta,350,5/13/2020,7,700
20/7/2020,,Inv 2  cantero 6,acelga,planta,350,20/10/2020,7,700
16/9/2020,,Inv 2  cantero 18,chaucha,planta,100,16/12/2020,7,200
16/9/2020,,Inv 2  cantero 19,chaucha,planta,100,16/12/2020,7,200
6/8/2020,,Inv 3  cantero 6,tomate,planta,100,6/11/2020,7,200
6/8/2020,,Inv 3  cantero 7,tomate,planta,100,6/11/2020,7,200
6/8/2020,,Inv 3  cantero 8,tomate,planta,100,6/11/2020,7,200
6/8/2020,,Inv 3  cantero 9,tomate,planta,100,6/11/2020,7,200
6/8/2020,,Inv 3  cantero 10,tomate,planta,100,6/11/2020,7,200
6/8/2020,,Inv 3  cantero 11,tomate,planta,100,6/11/2020,7,200
6/8/2020,,Inv 3  cantero 11,tomate,planta,100,6/11/2020,7,200
6/8/2020,,Inv 3  cantero 12,tomate,planta,100,6/11/2020,7,200
6/8/2020,,Inv 3  cantero 13,tomate,planta,100,6/11/2020,7,200
9/8/2020,,Inv 3  cantero 14,berenjena,planta,100,9/11/2020,7,200
9/8/2020,,Inv 3  cantero 15,berenjena,planta,100,9/11/2020,7,200
9/8/2020,,Inv 3  cantero 16,berenjena,planta,100,9/11/2020,7,200
9/8/2020,,Inv 3  cantero 17,berenjena,planta,100,9/11/2020,7,200
30/1/2020,,Inv 3  cantero 19,acelga,planta,350,30/4/2020,7,700
1/9/2020,,Inv 4  cantero 1,pepino,planta,350,1/12/2020,7,700
1/9/2020,,Inv 4  cantero 2,pepino,planta,350,1/12/2020,7,700
10/7/2020,,Inv 4  cantero 3,pepino,planta,350,10/10/2020,7,700
9/8/2020,,Inv 4  cantero 4,berenjena,planta,100,9/11/2020,7,200
9/8/2020,,Inv 4  cantero 5,berenjena,planta,100,9/11/2020,7,200
9/8/2020,,Inv 4  cantero 6,berenjena,planta,100,9/11/2020,7,200
9/8/2020,,Inv 4  cantero 7,berenjena,planta,100,9/11/2020,7,200
9/8/2020,,Inv 4  cantero 8,berenjena,planta,100,9/11/2020,7,200
9/8/2020,,Inv 4  cantero 9,berenjena,planta,100,9/11/2020,7,200
9/8/2020,,Inv 4  cantero 10,berenjena,planta,100,9/11/2020,7,200
9/8/2020,,Inv 4  cantero 11,berenjena,planta,100,9/11/2020,7,200
9/8/2020,,Inv 4  cantero 12,berenjena,planta,100,9/11/2020,7,200
1/9/2020,,Inv 4  cantero 13,pepino,planta,100,1/12/2020,7,200
1/9/2020,,Inv 4  cantero 14,pepino,planta,100,1/12/2020,7,200
1/9/2020,,Inv 4  cantero 15,pepino,planta,100,1/12/2020,7,200
10/11/2020,,Inv 4  cantero 16,tomate,planta,100,10/14/2020,7,200
10/11/2020,,Inv 4  cantero 17,tomate,planta,100,10/14/2020,7,200
10/11/2020,,Inv 4  cantero 18,tomate,planta,100,10/14/2020,7,200
10/11/2020,,Inv 4  cantero 19,tomate,planta,100,10/14/2020,7,200
10/11/2020,,Inv 4  cantero 20,tomate,planta,100,10/14/2020,7,200
6/8/2020,,Inv 5 cantero 1,tomate,planta,100,6/11/2020,7,200
6/8/2020,,Inv 5 cantero 2,tomate,planta,100,6/11/2020,7,200
6/8/2020,,Inv 5 cantero 3,tomate,planta,100,6/11/2020,7,200
6/8/2020,,Inv 5 cantero 4,tomate,planta,100,6/11/2020,7,200
6/8/2020,,Inv 5 cantero 5,tomate,planta,100,6/11/2020,7,200
6/8/2020,,Inv 5 cantero 6,tomate,planta,100,6/11/2020,7,200
6/8/2020,,Inv 5 cantero 7,tomate,planta,100,6/11/2020,7,200
6/8/2020,,Inv 5 cantero 8,tomate,planta,100,6/11/2020,7,200
6/8/2020,,Inv 5 cantero 9,tomate,planta,100,6/11/2020,7,200
6/8/2020,,Inv 5 cantero 10,tomate,planta,100,6/11/2020,7,200
6/8/2020,,Inv 5 cantero 11,tomate,planta,100,6/11/2020,7,200
6/8/2020,,Inv 5 cantero 12,tomate,planta,100,6/11/2020,7,200
6/8/2020,,Inv 5 cantero 13,tomate,planta,100,6/11/2020,7,200
10/11/2020,,Inv 5 cantero 14,tomate,planta,100,10/14/2020,7,200
10/11/2020,,Inv 5 cantero 15,tomate,planta,100,10/14/2020,7,200
10/11/2020,,Inv 5 cantero 16,tomate,planta,100,10/14/2020,7,200
10/11/2020,,Inv 5 cantero 17,tomate,planta,100,10/14/2020,7,200
10/11/2020,,Inv 5 cantero 18,tomate,planta,100,10/14/2020,7,200
10/11/2020,,Inv 5 cantero 19,tomate,planta,100,10/14/2020,7,200
6/11/2020,,Inv. 6 cantero 1,tomate,planta,100,6/14/2020,7,200
6/11/2020,,Inv. 6 cantero 2,tomate,planta,100,6/14/2020,7,200
26/8/2020,,Inv. 6 cantero 3,tomate,planta,100,26/11/2020,7,200
26/8/2020,,Inv. 6 cantero 4,tomate,planta,100,26/11/2020,7,200
26/8/2020,,Inv. 6 cantero 5,tomate,planta,100,26/11/2020,7,200
6/11/2020,,Inv. 6 cantero 6,tomate,planta,100,6/14/2020,7,200
26/8/2020,,Inv. 6 cantero 7,tomate,planta,100,26/11/2020,7,200
6/11/2020,,Inv. 6 cantero 8,tomate,planta,100,6/14/2020,7,200
6/11/2020,,Inv. 6 cantero 9,tomate,planta,100,6/14/2020,7,200
26/8/2020,,Inv. 6 cantero 10,tomate,planta,100,26/11/2020,7,200
6/11/2020,,Inv. 6 cantero 11,tomate,planta,100,6/14/2020,7,200
6/11/2020,,Inv. 6 cantero 12,tomate,planta,100,6/14/2020,7,200
6/11/2020,,Inv. 6 cantero 13,tomate,planta,100,6/14/2020,7,200
6/11/2020,,Inv. 6 cantero 14,tomate,planta,100,6/14/2020,7,200
6/11/2020,,Inv. 6 cantero 15,tomate,planta,100,6/14/2020,7,200
6/11/2020,,Inv. 6 cantero 16,tomate,planta,100,6/14/2020,7,200
25/9/2020,,Inv. 7 cantero 1,okra,planta,100,25/12/2020,7,200
26/8/2020,,Inv. 7 cantero 2,berenjena,planta,100,26/11/2020,7,200
26/8/2020,,Inv. 7 cantero 3,berenjena,planta,100,26/11/2020,7,200
26/8/2020,,Inv. 7 cantero 4,berenjena,planta,100,26/11/2020,7,200
26/8/2020,,Inv. 7 cantero 5,berenjena,planta,100,26/11/2020,7,200
26/8/2020,,Inv. 7 cantero 6,berenjena,planta,100,26/11/2020,7,200
26/8/2020,,Inv. 7 cantero 7,ajíes,planta,100,26/11/2020,7,200
26/8/2020,,Inv. 7 cantero 10,ajíes,planta,100,26/11/2020,7,200
26/8/2020,,Inv. 7 cantero 11,ajíes,planta,100,26/11/2020,7,200
26/8/2020,,Inv. 7 cantero 12,berenjena,planta,100,26/11/2020,7,200
23/9/2020,,Inv. 7 cantero 13,pepinos,planta,100,23/12/2020,7,200
21/9/2020,,Inv. 7 cantero 14,chauchas,planta,150,21/12/2020,7,300
7/8/2020,,Inv. 8  cantero 2,pimiento,planta,100,7/11/2020,7,200
7/8/2020,,Inv. 8  cantero 3,pimiento,planta,100,7/11/2020,7,200
7/8/2020,,Inv. 8  cantero 4,pimiento,planta,100,7/11/2020,7,200
7/8/2020,,Inv. 8  cantero 5,pimiento,planta,100,7/11/2020,7,200
31/7/2020,,Inv. 8  cantero 6,pimiento,planta,100,31/10/2020,7,200
31/7/2020,,Inv. 8  cantero 7,pimiento,planta,100,31/10/2020,7,200
31/7/2020,,Inv. 8  cantero 8,pimiento,planta,100,31/10/2020,7,200
7/8/2020,,Inv. 8  cantero 10,pimiento,planta,100,7/11/2020,7,200
30/8/2020,,Inv. 8  cantero 14,acelga,planta,350,30/11/2020,7,700
20/11/2020,,Inv. 8  cantero 15,rúcula,planta,350,20/14/2020,7,700
26/11/2020,,Inv. 8  cantero 18,rabanito,planta,350,26/14/2020,7,700
15/4/2020,,Inv. 9  cantero 1,mentas,planta,150,15/7/2020,7,300
10/11/2014,,Inv. 9  cantero 2,mentas,planta,150,10/14/2014,7,300
10/4/2018,,Inv. 9  cantero 3,mentas,planta,150,10/7/2018,7,300
3/12/2020,,Inv. 10 cantero 1,tomate,planta,350,3/15/2020,7,700
21/9/2020,,Inv. 10 cantero 2,albahacas,planta,300,21/12/2020,7,600
21/9/2020,,Inv. 10 cantero 3,mostazas,planta,300,21/12/2020,7,600
10/5/2015,,Inv. 10 cantero 4,aromáticas,planta,150,10/8/2015,7,300
24/3/2015,,Inv. 10 cantero 5,"tomillo,",planta,100,24/6/2015,7,200
13/11/2020,,Inv. 10 cantero 7,tomate,planta,100,13/14/2020,7,200
13/11/2020,,Inv. 10 cantero 8,tomate,planta,100,13/14/2020,7,200
13/11/2020,,Inv. 10 cantero 9,tomate,planta,100,13/14/2020,7,200
13/11/2020,,Inv. 10 cantero 10,tomate,planta,100,13/14/2020,7,200
26/6/2020,,Inv. 10 cantero 13,remolacha,planta,50,26/9/2020,7,100
24/2/2015,,Inv. 10 cantero 14 y 15,aromáticas,planta,150,24/5/2015,7,300
1/5/2017,,Inv. 10 cantero 16,borraja,planta,150,1/8/2017,7,300
1/12/2020,,Inv. 11  cantero 1,francesa,planta,350,1/15/2020,7,700
1/11/2020,,Inv. 11  cantero 2,espinaca,planta,50,1/14/2020,7,100
12/9/2020,,Inv. 11  cantero 3,perejil,planta,350,12/12/2020,7,700
20/10/2020,,Inv. 11  cantero 4,apio,planta,350,20/13/2020,7,700
10/10/2020,,Inv. 11  cantero 5,kale,planta,350,10/13/2020,7,700
1/12/2020,,Inv. 11  cantero 7,espinaca,planta,350,1/15/2020,7,700
10/11/2020,,Inv. 11  cantero 17,espinaca,planta,350,10/14/2020,7,700
24/11/2020,,Inv. 12 cantero 1,francesa,planta,350,24/14/2020,7,700
28/11/2020,,Inv. 12 cantero 2,espinaca,planta,350,28/14/2020,7,700
20/6/2020,,Inv. 12 cantero 3,tomate,planta,100,20/9/2020,7,200
20/6/2020,,Inv. 12 cantero 4,tomate,planta,100,20/9/2020,7,200
20/6/2020,,Inv. 12 cantero 5,tomate,planta,100,20/9/2020,7,200
10/11/2020,,Inv. 12 cantero 10,espinaca,planta,350,10/14/2020,7,700
1/9/2020,,Inv. 12 cantero 13,pepino,planta,100,1/12/2020,7,200
1/9/2020,,Inv. 12 cantero 14,pepino,planta,100,1/12/2020,7,200
1/9/2020,,Inv. 12 cantero 15,pepino,planta,100,1/12/2020,7,200
20/12/2020,,Inv. 12 cantero 16,francesa,planta,350,20/15/2020,7,700
20/12/2020,,Inv. 13 cantero 1,francesa,planta,50,20/15/2020,7,100
1/8/2020,,Inv. 13 cantero 14,perejil,planta,350,1/11/2020,7,700
13/12/2020,,Inv. 13 cantero 16,rabanito,planta,350,13/15/2020,7,700
25/11/2020,,Inv. 13 cantero 18,rabanito,planta,350,25/14/2020,7,700
15/11/2020,,Inv. 14 cantero 1,acelga,planta,350,15/14/2020,7,700
15/9/2020,,Inv. 14 cantero 2,pepino,planta,350,15/12/2020,7,700
12/11/2020,,Inv. 14 cantero 6,rabanito,planta,350,12/14/2020,7,700
15/11/2020,,Inv. 14 cantero 7,espinaca,planta,350,15/14/2020,7,700
15/12/2020,,Inv. 14 cantero 10,francesa,planta,350,15/15/2020,7,700
20/12/2020,,Inv. 14 cantero 15,pimiento,planta,350,20/15/2020,7,700
1/9/2020,,Inv. 14 cantero 18,acelga,planta,350,1/12/2020,7,700
13/11/2020,,Inv 15 cantero 1,tomate,planta,100,13/14/2020,7,200
13/11/2020,,Inv 15 cantero 2,ají,planta,100,13/14/2020,7,200
25/8/2020,,Inv 15 cantero 3,tomate,planta,100,25/11/2020,7,200
25/8/2020,,Inv 15 cantero 4,tomate,planta,100,25/11/2020,7,200
25/8/2020,,Inv 15 cantero 5,tomate,planta,100,25/11/2020,7,200
25/8/2020,,Inv 15 cantero 7,tomate,planta,100,25/11/2020,7,200
25/8/2020,,Inv 15 cantero 8,tomate,planta,100,25/11/2020,7,200
9/11/2020,,Inv 15 cantero 9,tomate,planta,100,9/14/2020,7,200
9/11/2020,,Inv 15 cantero 10,tomate,planta,100,9/14/2020,7,200
25/8/2020,,Inv 15 cantero 11,tomate,planta,100,25/11/2020,7,200
25/8/2020,,Inv 15 cantero 12,tomate,planta,100,25/11/2020,7,200
9/11/2020,,Inv 15 cantero 13,tomate,planta,100,9/14/2020,7,200
25/8/2020,,Inv 15 cantero 14,tomate,planta,100,25/11/2020,7,200
25/8/2020,,Inv 15 cantero 15,tomate,planta,100,25/11/2020,7,200
5/4/2017,,LOTE 4 cantero ,alcaucil,planta,400,5/7/2017,7,800
5/4/2017,,LOTE 4 cantero ,alcaucil,planta,400,5/7/2017,7,800
21/2/2020,,LOTE 6  cantero ,salsifí,planta,400,21/5/2020,7,800
26/3/2020,,LOTE 6  cantero ,pastinaca,planta,1050,26/6/2020,7,2100
26/3/2020,,LOTE 6  cantero ,salsifí,planta,150,26/6/2020,7,300
4/4/2020,,LOTE 6  cantero ,kale,planta,200,4/7/2020,7,400
12/5/2020,,LOTE 7 cantero ,kale,planta,800,12/8/2020,7,1600
18/12/2020,,LOTE 7 cantero ,zapallitos,planta,50,18/15/2020,7,100
5/5/2017,,LOTE 7 cantero ,alcaucil,planta,100,5/8/2017,7,200
5/5/2017,,LOTE 7 cantero ,alcaucil,planta,200,5/8/2017,7,400
13/6/2019,,1,Lechuga,planta,42000,,7,84000
12/7/2019,,1,Lechuga,planta,2458,,7,4916
12/7/2019,,1,Lechuga,planta,4500,,7,9000
12/7/2019,,1,Lechuga,planta,16000,,7,32000
27/9/2019,,1,Lechuga,planta,42000,,7,84000
27/9/2019,,1,Lechuga,planta,18200,,7,36400
27/9/2019,,1,Lechuga,planta,14000,,7,28000
14/10/2019,,1,Lechuga,planta,34560,,7,69120
31/12/2019,,1,Tomate,planta,7500,,7,15000
27/7/2020,,1,Zapallito,planta,9000,,7,18000
7/8/2019,,2,Tomate,planta,10000,,7,20000
10/10/2020,,2,Alcaucil,planta,5200,,7,10400
16/8/2019,,3,Tomate,planta,6432,,7,12864
11/5/2020,,3,Berenjena,planta,8400,,7,16800
23/9/2019,,4,eterei,planta,8,,7,16
23/9/2019,,4,eterei,planta,5,,7,10
23/9/2019,,4,eterei,planta,2660,,7,5320
10/10/2019,,4,eterei,planta,2000,,7,4000
10/10/2019,,4,bermello,planta,5000,,7,10000
29/8/2020,,4,Espinaca,planta,50,,7,100
20/11/2020,,4,Tomate,planta,13440,,7,26880
3/8/2019,,5-A,Lechuga,planta,13800,,7,27600
3/8/2019,,5-A,Lechuga,planta,12150,,7,24300
3/8/2019,,5-A,Lechuga,planta,5550,,7,11100
15/8/2019,,5-A,Lechuga,planta,29100,,7,58200
15/8/2019,,5-A,Lechuga,planta,2400,,7,4800
29/11/2019,,5-A,Tomate,planta,5600,,7,11200
12/11/2020,,5-A,Alcaucil,planta,3060,,7,6120
21/11/2019,,5-b,morron,planta,8400,,7,16800
13/7/2020,,5-b,Espinaca,planta,50,,7,100
27/7/2020,,5-b,Espinaca,planta,50,,7,100
18/11/2020,,5-b,Tomate,planta,13440,,7,26880
6/8/2019,,6-A,Tomate,planta,8640,,7,17280
11/5/2020,,6-A,Berenjena,planta,10800,,7,21600
18/2/2021,,6-A,Pepino,planta,50,,7,100
12/9/2019,,6-b,Lechuga,planta,44000,,7,88000
12/9/2019,,6-b,Lechuga,planta,23000,,7,46000
12/9/2019,,6-b,Lechuga,planta,9000,,7,18000
26/11/2019,,6-b,morron,planta,10000,,7,20000
12/8/2020,,6-b,brocoli,planta,13500,,7,27000
20/8/2020,,6-b,brocoli,planta,13500,,7,27000
16/2/2021,,6-b,Verdeo,planta,50,,7,100
29/7/2019,,7-A,Morron,planta,14700,,7,29400
11/7/2020,,7-A,Pimiento,planta,14400,,7,28800
24/2/2021,,7-A,Verdeo,planta,50,,7,100
17/7/2019,,7-b,Lechuga,planta,30000,,7,60000
17/7/2019,,7-b,Lechuga,planta,9200,,7,18400
17/7/2019,,7-b,Lechuga,planta,6000,,7,12000
22/11/2019,,7-b,morron,planta,14700,,7,29400
30/7/2020,,7-b,Tomate,planta,28800,,7,57600
22/1/2021,,7-b,"""",planta,23040,,7,46080
26/1/2021,,7-b,2900,planta,1280,,7,2560
2/8/2019,,8,Tomate,planta,6100,,7,12200
2/8/2019,,8,Tomate,planta,100,,7,200
2/8/2019,,8,Tomate,planta,100,,7,200
2/8/2019,,8,Tomate,planta,100,,7,200
2/8/2019,,8,Tomate,planta,100,,7,200
2/8/2019,,8,Tomate,planta,100,,7,200
2/8/2019,,8,Tomate,planta,100,,7,200
2/8/2019,,8,Tomate,planta,100,,7,200
2/8/2019,,8,Tomate,planta,100,,7,200
2/8/2019,,8,Tomate,planta,100,,7,200
2/8/2019,,8,Tomate,planta,100,,7,200
2/8/2019,,8,Tomate,planta,100,,7,200
2/8/2019,,8,Tomate,planta,100,,7,200
2/8/2019,,8,Tomate,planta,100,,7,200
13-14/7/2020,,8,Remolacha,planta,40000,,7,80000
13-14/7/2020,,8,Verdeo,planta,1000,,7,2000
13-14/7/2020,,8,Acelga,planta,2375,,7,4750
21/7/2020,,8,Brócoli,planta,22750,,7,45500
7/8/2019,,9-a,Tomate,planta,8160,,7,16320
14/1/2020,,9-a,Tomate,planta,13600,,7,27200
14/11/2020,,9-a,Tomate,planta,16320,,7,32640
2/8/2019,,9-B,Tomate,planta,8160,,7,16320
10/1/2020,,9-B,Tomate,planta,8160,,7,16320
16/11/2020,,9-B,Tomate,planta,16320,,7,32640
29/7/2019,,10-a,Morron,planta,8400,,7,16800
1 al 5/6/2020,,10-a,Verdeo,planta,22400,,7,44800
20/11/2020,,10-a,Tomate,planta,13440,,7,26880
29/7/2019,,10-B,Morron,planta,8400,,7,16800
18/11/2020,,10-B,Tomate,planta,13440,,7,26880
6/8/2019,,11-a,Tomate,planta,6240,,7,12480
6/8/2019,,11-a,Tomate,planta,128,,7,256
10/1/2020,,11-a,Tomate,planta,7800,,7,15600
15/6/2020,,11-a,Acelga,planta,52800,,7,105600
22/6/2020,,11-a,Verdeo,planta,27800,,7,55600
8/2/2021,,11-a,Pepino,planta,6240,,7,12480
11/2/2021,,11-a,Pepino,planta,6240,,7,12480
1/6/2020,,11-B,Perejil,planta,50,,7,100
23/12/2020,,11-B,Tomate,planta,11200,,7,22400
12/2/2021,,11-B,Pepino,planta,12480,,7,24960
8/8/2019,,1N,Tomate,planta,26112,,7,52224
8/8/2019,,1N,Tomate,planta,256,,7,512
8/8/2019,,1N,Tomate,planta,256,,7,512
8/8/2019,,1N,Tomate,planta,256,,7,512
24/1/2020,,1N,Tomate,planta,26000,,7,52000
4/8/2020,,1N,Tomate,planta,21760,,7,43520
14/1/2021,,1N,Atiya,planta,28672,,7,57344
13/8/2019,,2-N,Tomate,planta,13400,,7,26800
5/8/2020,,2-N,Perita/Atilla,planta,25066,,7,50132
18/1/2021,,2-N,Atiya,planta,28672,,7,57344
3/12/2019,,5N,Tomate,planta,9000,,7,18000
6/8/2020,,5N,Eterei,planta,38080,,7,76160
20/1/2021,,5N,Atiya,planta,30464,,7,60928
3/12/2019,,6-N,Tomate,planta,14500,,7,29000
7/8/2020,,6-N,Eterei,planta,34680,,7,69360
15/1/2021,,6-N,Attiya,planta,28672,,7,57344
